Price,Close,High,Low,Open,Volume
Ticker,QQQ,QQQ,QQQ,QQQ,QQQ
Date,,,,,
2020-01-02,208.84893798828125,208.84893798828125,206.7426633110624,207.14845610369375,30969400
2020-01-03,206.9359130859375,208.18229045665748,206.06635913547728,206.08568681560092,27518900
2020-01-06,208.2692413330078,208.2982254816246,205.06153936357958,205.31274023249196,21655300
2020-01-07,208.2402801513672,208.82964914274453,207.58328638665898,208.34656028891726,22139300
2020-01-08,209.80548095703125,210.76200218420846,207.8827967757834,208.21129365443758,26397300
2020-01-09,211.58323669433594,211.98902951483942,210.34653055298244,211.53492486607834,23547000
2020-01-10,211.04220581054688,212.4335041752272,210.66539706533788,212.41419123433656,21898500
2020-01-13,213.47689819335938,213.50588233656975,211.57352749482368,211.91169548920823,22756900
2020-01-14,212.63638305664062,213.72816853973075,212.3078861875927,213.37067277734212,24418100
2020-01-15,212.7233428955078,213.7185047492232,212.02769377060167,212.75232704715376,25742100
2020-01-16,214.76193237304688,214.80058772875157,213.3319938086431,213.78609841063255,18805000
2020-01-17,215.8247528076172,215.99865769573844,214.6073596199688,215.72812915241656,24325200
2020-01-21,215.72813415527344,216.26919125446463,215.12910875869753,215.22571767343865,21146300
2020-01-22,216.2982177734375,217.53492416890225,216.02768917084853,216.81996203750418,20736400
2020-01-23,216.9938201904297,217.09044384597115,215.16774514521538,216.17257808912692,26496100
2020-01-24,215.16775512695312,218.2402076547653,214.17259334804965,218.00831971632832,37436500
2020-01-27,210.7232666015625,211.86334869348377,209.8343705475318,210.3078027129726,42264400
2020-01-28,213.96005249023438,214.45281256125466,211.650888336214,212.2112731812221,26731900
2020-01-29,214.30784606933594,215.38996023828463,213.36099617150586,215.14841584395145,28924500
2020-01-30,215.07115173339844,215.16776065320295,212.25957122127917,212.92623616154467,39568100
2020-01-31,211.66053771972656,215.99866578651222,210.90690561487222,215.96968163740632,52015800
2020-02-03,214.8585662841797,215.3513115227155,212.5494025509091,212.69432328497865,25408600
2020-02-04,219.7764129638672,220.15322162635042,217.0517851407579,217.79574599739905,30691200
2020-02-05,220.5010223388672,222.4623614142655,219.1773639288974,222.42372080243564,38534800
2020-02-06,222.4044189453125,222.46238724113618,220.2691600120407,221.05176149106026,22467100
2020-02-07,221.4479217529297,222.64598738591226,220.81024094459858,221.40928113244058,25884900
2020-02-10,224.12423706054688,224.13389352995074,220.65566273608337,220.7136310379093,21478900
2020-02-11,224.1628875732422,226.1049142263209,223.57351857416737,225.36095325375385,30198000
2020-02-12,226.34642028808594,226.45270040900837,224.926138100622,225.4865228525132,24471300
2020-02-13,226.05661010742188,226.98413249462888,224.50106333498056,224.77159192647449,22773200
2020-02-14,226.70394897460938,226.91650926118612,225.6508187546535,226.41409269812266,23438500
2020-02-18,226.79086303710938,227.21598353828634,225.36092432263243,225.60246872169205,24394500
2020-02-19,228.9647674560547,229.43819979556528,227.8729967743228,228.14352532755728,22230500
2020-02-20,226.8391876220703,228.93579135468923,224.03727833248954,228.46237374123714,42604000
2020-02-21,222.4817352294922,226.0952302642192,221.5638693955316,225.70876509498356,66017200
2020-02-24,213.90208435058594,216.66535321315746,212.8102988118249,214.18226940195453,84522600
2020-02-25,208.08567810058594,216.41413956218915,207.47699619928432,215.69916278578438,97743000
2020-02-26,209.15814208984375,212.82962025839348,207.6315795713472,209.38037357316838,79537700
2020-02-27,198.6847381591797,209.1001303065145,198.54947390048827,203.76682644166988,121822600
2020-02-28,198.83935546875,200.16301407933022,191.46741557261552,191.92152022960443,148173700
2020-03-02,209.10015869140625,209.24509417998505,198.97462136466152,201.8151859254803,112933900
2020-03-03,202.3948974609375,212.18228213418482,200.5978063759299,209.76683792007256,131953500
2020-03-04,210.83929443359375,210.9455745680638,204.22097143088072,206.10502970036788,73086200
2020-03-05,204.4335479736328,209.0422200004112,202.99395255167855,205.4963494029369,78705500
2020-03-06,200.98428344726562,202.07605419153373,196.04711495388645,197.74758234914825,89828400
2020-03-09,187.0230255126953,194.3563107585082,185.61239957600804,186.93605831475506,116424000
2020-03-10,197.20651245117188,197.3900885557963,187.12927231857668,194.3079796228715,100599200
2020-03-11,188.61720275878906,193.9601640050155,186.21141509339682,192.60752118674338,89168800
2020-03-12,171.32264709472656,184.32739145919078,170.95549482908672,175.93130438482478,137820700
2020-03-13,185.83460998535156,187.9022296147373,172.10523351541238,180.74286426615987,134882000
2020-03-16,163.57386779785156,178.4336690036627,163.43860352590036,168.25982023113983,92054400
2020-03-17,175.97958374023438,178.15348329410705,164.0376282679191,169.53518105410024,121257100
2020-03-18,170.626953125,173.15833346813568,161.15841063606604,165.80572207206038,114156300
2020-03-19,171.651123046875,177.28394045674713,165.82507305755854,169.74775191681167,120896500
2020-03-20,164.926513671875,176.68489331616897,164.3468159564392,175.59312265121642,118983900
2020-03-23,165.04562377929688,168.6765111710314,159.69126158009655,165.49100435917654,124639800
2020-03-24,177.8263397216797,177.9909381728403,172.29770216605112,174.1954524263536,94881800
2020-03-25,176.50953674316406,183.49051441926807,174.26322071911915,178.56219362614993,88754900
2020-03-26,185.8046112060547,186.59857236764165,177.7779357062024,178.02967192191286,79887600
2020-03-27,179.4142608642578,184.45876572463197,178.79458997620458,180.99247661598065,58845000
2020-03-30,185.9401397705078,186.37585803544835,180.42119441380564,181.11832590876983,49356900
2020-03-31,184.3522186279297,189.04817143362257,183.19033781465893,185.6302978644088,62659300
2020-04-01,176.5192108154297,181.69928249496988,175.1152707111234,178.90107933359985,53715400
2020-04-02,180.10165405273438,184.0617523023465,175.22174891831517,175.48317689265843,56465300
2020-04-03,177.54554748535156,181.1280348632894,175.53161350651752,179.65631103758017,47487600
2020-04-06,190.2391357421875,191.37197086698438,183.1806969571857,184.42971575402768,64763500
2020-04-07,190.1616973876953,196.2228690765408,189.77440858594372,195.94207213726827,69904500
2020-04-08,194.19920349121094,194.78013653151126,189.93895399175867,191.85605814074805,45940400
2020-04-09,194.47999572753906,196.76503459651985,192.708121052624,195.9226735183586,68252600
2020-04-13,196.5811004638672,196.9587121944404,192.4370484760977,193.64734437846306,42853900
2020-04-14,205.13063049316406,205.75030139817497,199.86342041351162,200.6476897867467,63959600
2020-04-15,202.7777557373047,205.10153211736093,200.5411318674111,201.8579340505415,47036000
2020-04-16,206.47647094726562,207.56089129556594,203.02955074806601,204.96602409809898,64657400
2020-04-17,208.45164489746094,209.6328946961661,205.34361377764702,209.3036978077709,62863200
2020-04-20,205.98268127441406,209.0229439273197,205.81808280799058,206.5829833018549,38249100
2020-04-21,198.38198852539062,204.45283590368555,197.1620157763946,203.91062579302064,72932800
2020-04-22,204.26885986328125,205.60503098897118,201.71271604073326,202.45826229809384,40089100
2020-04-23,203.83314514160156,207.62863031882642,203.4264875984113,205.06279481715916,43278500
2020-04-24,207.04769897460938,207.49309428535645,202.8455559204231,204.26886482169863,34231900
2020-04-27,208.71307373046875,209.74909395723233,207.6867453248899,209.32306750039936,36451700
2020-04-28,204.7820281982422,210.41717195229486,204.50124610226985,210.41717195229486,46862800
2020-04-29,212.04380798339844,212.98299863447807,208.30641424715557,209.32306559642004,48716400
2020-04-30,211.95668029785156,213.05077762310998,210.44623354685405,212.96363987381048,43359500
2020-05-01,205.98268127441406,209.78784442118405,204.95633796017185,207.68677255102142,48795000
2020-05-04,208.3838653564453,208.6065556196561,204.4140897083193,204.7433013539854,32841000
2020-05-05,210.74639892578125,213.1476217509978,209.96212958028724,210.5333856746447,37783100
2020-05-06,212.04380798339844,214.01900407770057,211.18207803050367,212.43109670020513,36455200
2020-05-07,214.77423095703125,215.6553149577962,213.41869097087857,214.77423095703125,38624800
2020-05-08,217.71768188476562,217.85323441743841,215.41327405521008,216.44929430601633,31852300
2020-05-11,219.66383361816406,220.69016205452834,216.15882183945925,216.39120394309796,35714100
2020-05-12,215.0646514892578,220.8547154499475,215.03560558093614,220.26409069054984,41054100
2020-05-13,212.373046875,217.47565872451727,209.82659424880833,215.5876000019431,65521200
2020-05-14,214.78390502929688,214.82262798876877,209.12940740293772,211.04651154030347,51549300
2020-05-15,216.17819213867188,216.2362839714364,211.39510091948318,211.83080443933534,55747200
2020-05-18,220.2060546875,221.41635050258088,218.30831912295972,219.09258844727313,42398100
2020-05-19,219.65414428710938,222.54917688980584,219.50891471428065,220.46745944318477,36237300
2020-05-20,224.0402374267578,224.39848019489855,222.19090221316299,222.21027107942135,37417000
2020-05-21,221.6002960205078,224.76643369790253,221.0871318273485,224.08867106298615,43642900
2020-05-22,222.3651885986328,222.5685099814072,220.27379430254393,221.19361598326984,28762400
2020-05-26,221.76486206054688,226.1509866140586,221.52280295672097,225.94765046623414,33055300
2020-05-27,222.97518920898438,223.09138764170206,216.826895964132,221.42601958921597,55665600
2020-05-28,222.68472290039062,226.05418185848703,221.77457820631406,221.83267003374587,42784300
2020-05-29,225.94772338867188,226.18010552202534,221.49382853117743,223.0623820766032,50691800
2020-06-01,226.62542724609375,227.0030388808314,224.63086246906326,225.07625774870783,25776000
2020-06-02,228.14556884765625,228.20366067319284,224.64054270774534,227.051456886329,33383400
2020-06-03,229.1719207763672,229.92714413439194,227.87448729197777,228.7555713602614,37228700
2020-06-04,227.5646514892578,230.23697924027897,226.25752614334232,228.82336204937673,38716100
2020-06-05,232.07664489746094,232.66726984465873,228.14560646409677,228.71686254155006,47365600
2020-06-08,233.87754821777344,234.0034089264311,230.35316766712302,231.93138324183084,32937300
2020-06-09,235.5719757080078,236.42401389844568,232.83186426437166,233.0158315884571,35046300
2020-06-10,238.39918518066406,239.94836944461957,236.7434943138852,237.2663502819695,58084400
2020-06-11,226.58670043945312,235.85271567639344,226.52860861572873,234.46814463057544,72919400
2020-06-12,228.38768005371094,232.76409934882517,224.37918066227107,231.49571162163357,72034800
2020-06-15,231.1664581298828,231.8442207067493,224.1176977822391,225.05688834379558,45307400
2020-06-16,235.13626098632812,236.62733882921265,231.50537378625586,236.0367139203695,48890100
2020-06-17,235.8817901611328,237.70207965361135,235.02006019856714,236.63701350926377,34749300
2020-06-18,236.52084350585938,236.76290266408742,234.7877064335587,235.56228392059361,30578600
2020-06-19,236.4821014404297,239.15442901274,234.74894973399765,238.89300100621614,49422100
2020-06-22,239.31814575195312,239.44422533003413,236.0592128756748,236.35017713263835,24068700
2020-06-23,241.35496520996094,243.5954787471515,240.3656571544543,240.91850403255398,32767400
2020-06-24,236.37930297851562,241.83025079332216,234.87592342537627,240.59844776335257,46032400
2020-06-25,238.6295166015625,238.93018955982743,233.88660640230455,236.46659823743423,36940800
2020-06-26,232.9942626953125,238.56161071359043,232.4704974295816,238.38701735841022,52824600
2020-06-29,235.5354461669922,235.54515484203776,230.21059309992688,232.7517795938661,34377800
2020-06-30,240.1522674560547,240.69542044535598,235.2832635022884,235.46755072361753,38909200
2020-07-01,242.95535278320312,243.95436955553964,239.64792085158297,240.19107387734147,34689200
2020-07-02,244.60421752929688,246.6216536505517,244.13865990125657,245.4092532026685,31956500
2020-07-06,250.61778259277344,251.14151837275642,247.7467964820202,247.766199036772,34589000
2020-07-07,248.8912353515625,253.03281399922147,248.59056242486926,250.3655331594713,36578200
2020-07-08,252.16957092285156,252.19866734805117,248.7845585262823,250.22005123524016,30426300
2020-07-09,254.2937774658203,254.96302505216383,249.88065054683295,254.0901024263851,40312900
2020-07-10,256.0299072265625,256.2820960202251,251.46159010831045,254.14825914990374,32885300
2020-07-13,250.7632293701172,261.67483390780967,249.93879110734497,258.8814584102209,64108100
2020-07-14,252.53817749023438,252.94555709445385,245.15708242982703,248.2317284153313,72230500
2020-07-15,253.05223083496094,254.78839666900782,249.7447986615645,253.95424971871756,54523900
2020-07-16,251.32577514648438,251.9659261772998,247.9310536676773,250.25885676179198,47594100
2020-07-17,251.61676025390625,252.47997400802396,249.43443937938744,251.78163014419312,35137900
2020-07-20,258.75531005859375,259.3857522693689,251.00565712388777,252.25683287155033,40610100
2020-07-21,256.0589904785156,260.33634307596367,255.21516445037824,260.3266343998998,43243800
2020-07-22,256.9609680175781,257.8921127812206,254.65255305709272,256.55361808314973,29865500
2020-07-23,250.24913024902344,257.261634630794,248.83302538885314,256.55361180032554,51363500
2020-07-24,247.8728485107422,249.20163468771506,243.76039559521382,246.39856539772484,54054500
2020-07-27,252.295654296875,252.68361648249174,248.7360635043291,249.5216965500787,36445700
2020-07-28,249.08522033691406,252.03378622389906,248.79425609790326,251.5100209940622,31302400
2020-07-29,251.95619201660156,252.81943531314536,250.1521544210128,250.62740590809642,27556900
2020-07-30,253.2752685546875,253.8378092512827,248.83301742795155,249.987224843002,41774500
2020-07-31,257.7951965332031,257.95038737632524,253.00378655045506,257.911582265638,53686300
2020-08-03,261.277099609375,262.0239274829241,259.8125106837197,259.93860504150655,32081600
2020-08-04,262.24713134765625,262.34412932565243,260.0260049299403,260.7728331212194,24911300
2020-08-05,262.8968811035156,263.35274482091995,261.8396715460499,262.7320112310436,21612100
2020-08-06,266.3788757324219,266.70864502098084,262.0627193623389,262.7028701929345,28048200
2020-08-07,263.3042907714844,266.6117228698469,261.1510663109524,265.8357687942012,44969400
2020-08-10,262.1791687011719,263.7989487172931,258.6486740019986,263.5952441310872,35088400
2020-08-11,257.21319580078125,262.30527795139875,256.6700427393518,261.0152672307874,43104300
2020-08-12,263.68255615234375,264.6330888377561,259.3276228561912,259.3761366378806,38773400
2020-08-13,264.2838439941406,266.56313258817664,263.34302029717117,264.4584225111998,31895700
2020-08-14,263.97344970703125,265.1761411215176,262.5767624387709,264.904564686001,30799500
2020-08-17,267.0384826660156,267.5428306012182,264.01233585555883,265.69027914746357,24803000
2020-08-18,269.6087646484375,270.08401615471337,266.640810703851,268.105399924736,23529500
2020-08-19,267.7950134277344,270.6271642620262,267.28095682838295,269.56995463693056,31999400
2020-08-20,271.509765625,271.99472574490306,266.59226290527533,266.9996424298252,27723400
2020-08-21,273.39141845703125,273.8472821623935,271.0539070826943,271.7037666795535,34748900
2020-08-24,275.0985107421875,277.3972172118148,272.80948334821784,276.6697769568887,36418500
2020-08-25,277.26141357421875,277.4554094816396,273.87640106694886,274.32255613447313,34866600
2020-08-26,283.177978515625,283.4301673153885,277.23236116458173,278.5126633177471,42216700
2020-08-27,282.2953186035156,285.0111134642725,280.02570843536205,284.15757878230954,49482700
2020-08-28,283.7308044433594,284.3612467634714,282.17892593257704,283.53680852965385,28021000
2020-08-31,286.0101623535156,287.8239089562384,283.81813254720913,284.2546086129404,36321000
2020-09-01,290.8985900878906,291.01497582023416,286.8928134018485,288.66775501934114,36216200
2020-09-02,293.653076171875,294.3708077138629,287.9596488113382,294.15742406629647,50836800
2020-09-03,278.7647705078125,289.6375677506086,275.85500988407784,289.13321989835623,110083300
2020-09-04,275.0499572753906,280.23903626499714,263.6242985040722,276.97040992713505,123959000
2020-09-08,261.8299560546875,269.8511850308203,261.5486709235939,264.03166413699165,99568600
2020-09-09,269.5214538574219,271.62616430262904,264.78823812496347,267.3488418882743,64837900
2020-09-10,264.1481628417969,273.7115949944252,262.4217054219012,272.4894856119325,69667500
2020-09-11,262.31494140625,266.9414503068004,258.87170678583755,265.9036285434875,71809000
2020-09-14,266.88336181640625,268.8813959291191,264.7495246088351,266.10740755927657,38525200
2020-09-15,270.66595458984375,272.01415800489684,266.8541749423575,270.6368581650392,41849900
2020-09-16,266.34979248046875,271.9268340611018,266.0006353893239,271.4612912729087,42321000
2020-09-17,262.1888427734375,266.146104274361,258.65831894059545,259.5021448018472,81570800
2020-09-18,258.8426513671875,263.9056370187345,254.73019835966718,263.61467273975774,86251100
2020-09-21,259.4634094238281,259.5991828847533,252.28597495707888,254.57500243772552,57168600
2020-09-22,264.2838439941406,264.86577238433784,258.52251613428456,261.86872277637036,41128900
2020-09-23,256.2142333984375,264.1481769310509,255.33160208618418,263.96388964609537,48837300
2020-09-24,257.4071960449219,260.61763028677467,253.36261484496714,253.52751434120879,70631700
2020-09-25,263.3916320800781,264.20636182071513,256.34999915079266,257.91158668673404,55242400
2020-09-28,268.86187744140625,268.86187744140625,263.4982201954607,268.2605020846823,58438300
2020-09-29,267.6495666503906,269.35660655695176,267.0869961996597,268.29939679220615,27050000
2020-09-30,269.482666015625,272.63490714755216,267.57192174551824,267.8434982590533,49380800
2020-10-01,273.7600402832031,274.3710948876225,271.42252850420675,273.31388517506457,50020200
2020-10-02,266.0588684082031,273.75033024547366,265.215042377582,267.7174240407903,75497400
2020-10-05,271.73291015625,272.0529708730623,267.92112998519195,268.0278070242552,28184600
2020-10-06,266.88336181640625,272.73198198121685,266.0007304987122,271.0443295713559,49704200
2020-10-07,271.50018310546875,272.2954954892424,268.9395785539227,269.53124550242285,27539700
2020-10-08,272.9453125,273.97342579062416,271.8783941041761,273.9055242564302,25443300
2020-10-09,277.1159362792969,277.19354648346746,274.20617521492545,274.5941374369176,30201100
2020-10-12,285.6706237792969,288.512483144483,280.76282944637273,281.8103303428894,79370700
2020-10-13,285.6609191894531,288.11481639100634,284.29332799970894,287.474695033748,64240000
2020-10-14,283.27490234375,287.4358684526838,281.5290577551878,286.46594821467886,36949100
2020-10-15,281.37396240234375,281.96559974038394,277.9210475518464,278.56119867801186,42514200
2020-10-16,279.8316955566406,284.44849573240384,279.48250888138193,283.02271180763165,40570700
2020-10-19,275.2633972167969,282.71240837197024,274.28379774218854,281.752167049844,36756800
2020-10-20,275.85498046875,278.9684157162578,274.4389054040923,276.00046256450037,32195400
2020-10-21,275.6417236328125,278.67757969201864,275.1567633575304,276.1072961529487,29306100
2020-10-22,275.6319580078125,277.37783239789314,272.37303983905406,276.47578397652245,32196200
2020-10-23,276.17510986328125,276.34000934594303,273.3041539268576,276.20420628967804,24658500
2020-10-26,272.03350830078125,276.7182096470231,268.4351127971686,273.8860593572563,38421100
2020-10-27,274.15771484375,274.98215313683676,271.77171885166905,273.0326035825386,30559100
2020-10-28,263.4690856933594,270.2585257625643,263.2168970189138,269.64747142039835,53413500
2020-10-29,268.0762939453125,271.0830232855751,264.3226774083296,264.7882498221216,43246300
2020-10-30,261.277099609375,266.9608175864228,259.03658638911327,266.0878953550869,65838300
2020-11-02,261.859130859375,265.2926279027856,258.9396608651883,263.67287734493533,39987400
2020-11-03,266.38861083984375,268.493350964964,262.69321677651993,263.77952280253584,43604100
2020-11-04,278.2798156738281,280.0838530868923,273.3914094454865,275.059673418672,75728200
2020-11-05,285.53485107421875,286.5047713733675,283.2167273514363,284.7007042251492,52054200
2020-11-06,285.74822998046875,286.47567026810736,281.11201173123675,284.8753075552266,40959800
2020-11-09,279.9093017578125,290.1419788994685,279.4534380231656,288.69677749409635,86537100
2020-11-10,274.8948059082031,278.0373379963617,272.1790114916121,276.5921663187163,69024900
2020-11-11,281.0441589355469,281.5194104839505,274.8560617314328,277.4263450028345,36102900
2020-11-12,279.7250061035156,283.284626596578,278.6096036883944,282.0140333828876,34414600
2020-11-13,282.1789245605469,282.79968780168974,279.2109706129312,281.44180521121535,24806900
2020-11-16,284.3806457519531,284.6813186790476,281.2671802558557,281.87823478498916,30168400
2020-11-17,283.47857666015625,284.90436059076063,282.8384257525771,284.57459126254406,21843500
2020-11-18,281.38348388671875,284.54543263606865,281.2961946365331,282.92568277216236,28069600
2020-11-19,283.5853271484375,283.89570877581605,280.1615093703999,280.83075680460064,22718400
2020-11-20,281.6454772949219,284.254565416675,281.5581880149653,283.507707799902,25907300
2020-11-23,281.6551818847656,283.94417968052124,279.4049595909037,282.64448997620957,26875600
2020-11-24,285.6124267578125,286.1070955737411,280.9180161426959,282.72205366024116,24516800
2020-11-25,287.3680114746094,288.00816248287106,285.72884365033815,286.679376286779,23326800
2020-11-27,290.015869140625,291.1409802047551,288.9392422501037,289.3369131123959,17163100
2020-11-30,290.6075439453125,290.9470220034066,285.913132786576,290.3359674187615,27836200
2020-12-01,294.3321228027344,295.96161204936703,291.78122666506556,292.88695045386527,27521300
2020-12-02,294.7103271484375,295.04980521721825,291.31560565987473,293.1584485480272,23620000
2020-12-03,295.1274108886719,296.6792896208627,294.39997050792226,295.0207338406485,22828700
2020-12-04,296.3299865722656,296.47549827101955,294.496852923867,295.1757792530611,19332100
2020-12-07,298.008056640625,298.37663114555875,296.3300836153928,296.5143708678597,20851000
2020-12-08,299.0167541503906,299.31742709208845,295.77722372076687,297.5327771931136,18341500
2020-12-09,292.2466735839844,299.0845996335578,291.1797553692577,298.8033440675616,48839300
2020-12-10,293.4202880859375,294.5453992226482,289.123548120475,290.20985415602473,27519500
2020-12-11,292.7704772949219,292.8965716822734,289.4921416222672,291.76175179573085,26760400
2020-12-14,294.8946228027344,296.8441427854196,293.8956059201811,293.96347785617394,28804800
2020-12-15,298.04681396484375,298.04681396484375,294.96244494938804,297.15447427492177,25709000
2020-12-16,299.6860046386719,300.471637765317,297.39697718848544,298.4445077570926,25461900
2020-12-17,301.64520263671875,301.87797402861224,300.08364521673735,301.28633687434376,23730500
2020-12-18,300.7334899902344,302.5957500157043,298.35717338267216,302.2853684115228,41173400
2020-12-21,300.1708679199219,300.7052791137094,295.00153234294845,297.7805179958725,37095500
2020-12-22,300.9870910644531,301.910167692354,298.15950354627114,301.07453855636356,26176300
2020-12-23,299.4712829589844,301.395187137197,299.31581086270864,301.0356708878652,21201300
2020-12-24,300.7927551269531,301.2397188761424,299.65590803503926,299.73362925753145,16785000
2020-12-28,303.8243713378906,304.30051388104033,301.5700705086369,303.40655677520897,22497700
2020-12-29,304.0964660644531,305.7774803843636,303.1928122623936,305.15559197008287,25871900
2020-12-30,304.106201171875,305.5831417187895,303.4843127395283,305.26250088248565,18138100
2020-12-31,304.8542785644531,305.34011761598225,302.9303748984857,304.0089233593144,21611400
2021-01-04,300.5498962402344,306.3605447664461,296.5368589999305,306.1856200872826,45305900
2021-01-05,303.02764892578125,303.2997473784465,299.55877914687596,299.55877914687596,29323400
2021-01-06,298.83001708984375,303.04709826233216,297.314200987411,298.30530239184014,52809600
2021-01-07,306.0592956542969,306.89492490628663,301.4632458085322,301.4923949765487,30394800
2021-01-08,309.99456787109375,310.3443875250699,306.15642621705047,308.3524289545988,33955800
2021-01-11,305.5151062011719,308.2066444352116,304.8640686883275,307.03092198716945,32746400
2021-01-12,305.029296875,306.64225692676274,302.3863304365406,305.5539818615038,29266800
2021-01-13,307.08929443359375,307.8860483008099,304.68924725093456,305.29168320189524,22898400
2021-01-14,305.4471130371094,308.53704325322866,304.9709704536635,307.5362156805886,23500100
2021-01-15,303.02764892578125,306.195330389111,301.7839016066728,305.23337814363794,35118700
2021-01-19,307.4488220214844,307.95408420620424,304.25199120112563,305.3499927373547,24537000
2021-01-20,314.60028076171875,315.5428099235538,307.5459162830414,311.07311334901465,30728100
2021-01-21,317.1169738769531,317.8651852831802,314.5614843883178,315.94125122137694,25130600
2021-01-22,316.2036437988281,317.21416813091514,315.5137306844923,316.07732084399834,21609400
2021-01-25,318.8173828125,320.96481340814444,312.307155381188,319.59474331768956,39080600
2021-01-26,319.28387451171875,320.4207515457159,317.9526795454911,319.5365204422244,25498100
2021-01-27,310.3832092285156,317.02948560563914,308.3718279207194,317.0197889863313,55264000
2021-01-28,312.21966552734375,317.1752305825268,310.96619226940084,311.5880805891846,42836300
2021-01-29,305.6510925292969,311.63663380575076,303.90208362883163,310.52890642306147,55259000
2021-02-01,313.28857421875,314.3768493219774,307.06980850898356,309.100612880769,35646000
2021-02-02,318.3996276855469,319.5559275596852,316.09675421204895,316.26195261690157,33930800
2021-02-03,317.13641357421875,320.84823232691764,317.07811524015733,320.47898977568013,24824500
2021-02-04,320.8870849609375,320.9745324638955,317.2141415703335,318.5356396948926,22350900
2021-02-05,321.975341796875,322.9858956402053,320.19718336454713,321.83932223998204,22732000
2021-02-08,324.1324768066406,324.28794891343745,322.023951224742,323.6660901395225,20462800
2021-02-09,324.06451416015625,325.32768438056013,323.1899797655802,323.19970603987224,17597500
2021-02-10,323.32598876953125,325.9592289401402,320.1680339581083,325.5025389043574,28068700
2021-02-11,325.1041259765625,325.5122439268348,322.71380556288096,324.8612063915425,22046100
2021-02-12,326.9211730957031,327.0863417994579,323.2093549047164,324.2587544122885,20346800
2021-02-16,326.0369873046875,328.6119292024729,324.87096133238697,327.71797200327285,27080800
2021-02-17,324.4726257324219,326.1536403749875,320.8191343837196,323.0539832882972,31360300
2021-02-18,323.0539245605469,324.41426841400585,319.06031084605536,320.87737439501245,32236200
2021-02-19,321.6449890136719,324.5308751888545,320.6247385051143,324.4045522461568,39157700
2021-02-22,313.3080139160156,318.51619637601345,313.1039697365351,317.253026203435,47256900
2021-02-23,312.3752136230469,314.04650182258564,302.19201230803463,308.02208328503855,97241900
2021-02-24,314.9500732421875,315.2610173963308,307.0114489596719,309.7127132855997,58206300
2021-02-25,303.9701843261719,314.8529958249353,302.42521900746226,312.28777990152474,110182600
2021-02-26,305.2430419921875,310.0722547804141,302.07536117668474,306.90460361818043,104739800
2021-03-01,314.4254455566406,314.76553896586495,308.9354679046758,310.22778727579845,49164500
2021-03-02,309.3824157714844,315.1444619232091,309.1297995360791,315.0667406938398,48370000
2021-03-03,300.404052734375,309.2268782382311,300.3457544113635,308.2843491451891,86301100
2021-03-04,295.48736572265625,303.2024935034954,291.61034928888466,300.03481287692296,139131600
2021-03-05,299.9376220703125,300.841275686793,289.0256947746851,298.11086229510533,121523700
2021-03-08,291.4452209472656,301.27860158641573,291.02740635308436,299.3935431228174,88409800
2021-03-09,302.9401550292969,304.84466598667217,298.2275386529086,298.7619498956112,80391100
2021-03-10,302.07537841796875,307.50705698397974,301.385495073599,307.20583905953924,76798100
2021-03-11,309.03265380859375,310.8010862300348,305.9329968672111,306.82692452582506,53484800
2021-03-12,306.52569580078125,309.2172642633356,302.57098678429344,304.9710042473344,69315600
2021-03-15,309.80023193359375,309.9654303200761,305.20421177246004,306.84635075049283,42955700
2021-03-16,311.5006408691406,315.018141500572,310.0625758501145,311.9962063301676,54925900
2021-03-17,312.7832946777344,314.67807956230064,306.739453386651,308.45934326277927,78258700
2021-03-18,303.20257568359375,308.8771747194295,302.7458855900505,307.89576991870825,82718100
2021-03-19,304.2713928222656,305.8163579422789,300.88994126604837,303.03734225827503,78446200
2021-03-22,309.9774475097656,312.0497412454093,306.6695743167203,306.6695743167203,56194800
2021-03-23,308.6251525878906,312.39029296037745,307.8079153488857,311.067155437434,53455400
2021-03-24,303.4201354980469,310.0359129356938,303.27420556215145,309.99698838921177,64803700
2021-03-25,302.8946838378906,304.41244387158605,299.0614631342336,301.57154648892833,78729000
2021-03-26,307.4381103515625,307.7591560737737,301.2796321543217,302.6805886328692,63519600
2021-03-29,307.3505859375,308.4013108336495,304.00378857832715,306.90305771235484,54608000
2021-03-30,305.8037414550781,306.3777522827937,303.0990646666463,305.38539910973526,44635700
2021-03-31,310.4834289550781,312.04979302261273,307.2533746123098,307.59389757634335,55032500
2021-04-01,315.7760009765625,315.912192331418,314.06367749340836,314.316642469072,55685600
2021-04-05,322.08038330078125,322.84898702934703,318.0233836222289,318.26661001943256,42172500
2021-04-06,321.856689453125,323.8122098337646,321.07834703358037,321.7691314979376,33537200
2021-04-07,322.6349182128906,323.4716323847967,320.4458808307434,321.3798618003914,32046400
2021-04-08,326.00128173828125,326.186136226505,324.69759145183457,325.4953813809339,29940800
2021-04-09,327.9761962890625,328.1805278447033,323.8997490942338,324.63913716893916,36664900
2021-04-12,327.54815673828125,327.96649904007745,325.66071741073097,326.93522143109317,25833000
2021-04-13,331.37164306640625,331.838618737925,328.86153006910615,329.0755704821261,30374000
2021-04-14,327.39251708984375,331.741406895707,326.57527983856613,331.61492440014143,42564300
2021-04-15,332.3541564941406,332.7433423564215,327.1102125049595,330.27215464635896,36342800
2021-04-16,332.743408203125,332.9574485934509,330.86567808724453,332.8795995293041,40860100
2021-04-19,329.6982727050781,332.3251001558623,327.77190882192366,331.1673697433248,34533100
2021-04-20,327.29522705078125,330.3209496829376,325.3202295651235,329.0367366573787,38081800
2021-04-21,330.0971984863281,330.28205295310937,324.92133279790824,326.01098248163305,36598100
2021-04-22,326.1179504394531,330.69058868482625,324.96019046607444,329.7079742744306,45936100
2021-04-23,330.2236328125,331.5370316238856,326.75035268424455,326.75035268424455,36381900
2021-04-26,332.3736877441406,332.6558386330418,329.7176452240489,330.46680140933296,30812000
2021-04-27,330.9338073730469,332.87961841706385,329.9803789635395,332.6655780145932,33187200
2021-04-28,329.8149719238281,331.6148530774857,329.1631121602387,330.60302302130884,33615700
2021-04-29,331.0019226074219,333.5120058260956,327.77186910250094,333.09366357143676,37708900
2021-04-30,328.8323669433594,331.04088174272067,327.9178332687798,328.5502456857834,38263400
2021-05-03,327.0811767578125,330.78794518001274,326.6336484395017,330.03881846341363,29729700
2021-05-04,321.1950988769531,324.84349521591616,317.3715569487685,324.5224197112812,65147000
2021-05-05,320.1151123046875,324.11376955905695,319.3367997400622,323.2478693669942,46219300
2021-05-06,322.5279541015625,322.68362256486284,317.60505400124293,319.8524636257052,46814300
2021-05-07,325.1450500488281,327.5286508565458,322.703047592043,325.3104273672346,53324500
2021-05-10,316.9336853027344,323.93858664895043,316.72935378323206,323.76347079570655,60700500
2021-05-11,316.4959411621094,317.29373093735813,310.3763561838328,311.03795460444564,71963600
2021-05-12,308.3040771484375,313.8788073666061,307.4381768923517,311.5535783666281,91164900
2021-05-13,310.68768310546875,313.66477198468937,308.3137909717378,311.2519850027308,69877800
2021-05-14,317.5466613769531,318.46116529191266,313.35341107944174,313.85934097492924,44370000
2021-05-17,315.6203918457031,317.52727900726643,312.74059882956436,315.8344323213389,39395000
2021-05-18,313.4896545410156,317.7996193733932,313.2172421511542,316.5737784643786,36528500
2021-05-19,313.84967041015625,314.1512688251632,307.73008477169446,308.08034628989066,66319100
2021-05-20,319.9205627441406,320.7767244958764,315.11443598457873,315.33818528965156,46466100
2021-05-21,318.1499328613281,321.89559641169365,317.78996246844446,321.4772540464898,50330400
2021-05-24,323.5008850097656,324.6294591888451,318.04286857331294,320.44594684886886,32475800
2021-05-25,323.9483947753906,325.7385376046756,322.7711872548108,325.0185969262469,31280300
2021-05-26,325.0769958496094,325.54397159727523,323.9289742156288,324.6197289695356,25444900
2021-05-27,323.8608093261719,325.47583612744944,323.6565074708618,324.6294130361576,27931700
2021-05-28,324.88238525390625,326.4779648140599,324.56133944475215,325.06723970760027,29927400
2021-06-01,323.80255126953125,326.69208300252126,322.4501978065147,326.2153389181343,31145400
2021-06-02,324.4348449707031,325.28126812701936,322.7128126764986,324.2208045422661,22047900
2021-06-03,321.0588684082031,322.86845868768336,319.3854694822041,321.59395464592694,37057800
2021-06-04,326.50714111328125,326.95466939755596,322.7906344154901,322.85874493656263,38736500
2021-06-07,327.4800109863281,327.5383829435211,325.2812349629894,325.971989583587,32611900
2021-06-08,327.6357727050781,330.0972232364959,325.95263495161277,329.2313228070993,27282800
2021-06-09,327.7135314941406,329.7858252532999,327.5286770476892,329.0075126193008,21485300
2021-06-10,331.1284484863281,331.23545385775753,327.6065347352298,328.0540630270044,33702100
2021-06-11,331.9942932128906,332.0040317697978,330.48630142839363,331.1381315452837,21222800
2021-06-14,335.1756896972656,335.1853985627614,331.23540453269925,332.4223504529611,27827700
2021-06-15,332.9867248535156,335.1368382047209,332.2667544231833,334.825501245157,35963800
2021-06-16,331.7705993652344,334.52390957428497,328.3070572699006,333.4537073109566,55399500
2021-06-17,335.9833068847656,336.99513729484465,330.71017373852135,330.75880715533845,59722700
2021-06-18,333.3466796875,335.4676069555695,332.59752330779384,334.3195853727494,55414900
2021-06-21,335.4184265136719,335.739874468448,331.3177505653422,333.5385475090524,32992600
2021-06-22,338.5450744628906,338.99312187242,334.9119161911646,335.21386441553926,28941600
2021-06-23,338.710693359375,339.86007647672517,337.87303809139644,338.4866844843045,27188500
2021-06-24,340.8049011230469,342.33411249791345,340.1035951853031,340.64905205630714,32581600
2021-06-25,340.3859558105469,341.61324831581214,339.78205941118216,341.36973978541266,28682800
2021-06-28,344.5256042480469,344.6619832945026,341.6132517076052,341.6716913774683,39130300
2021-06-29,345.7724609375,345.80168078039117,343.5127237285144,344.35037904150965,29426000
2021-06-30,345.22698974609375,346.00623506618297,344.64256318731924,345.61659754355355,32724000
2021-07-01,345.3633728027344,345.8698599727501,343.52243358016193,344.87635561900663,29290000
2021-07-02,349.32769775390625,349.64911601419783,347.02896120316825,347.26271993792574,32727200
2021-07-06,350.83734130859375,351.119819517782,347.23340328497983,349.9314967387944,38842400
2021-07-07,351.5776062011719,353.3406054735347,349.6197882265486,353.03865729264345,35265200
2021-07-08,349.4541931152344,350.31134785414145,345.2171686845292,346.50287106772896,50890000
2021-07-09,351.6361389160156,352.1134062201384,348.28545848157813,348.86988501784856,35184500
2021-07-12,353.009521484375,353.467318791009,351.4607808006372,353.038741324153,25717700
2021-07-13,353.009521484375,355.98031418742136,352.152366550663,352.62963384209314,39723000
2021-07-14,353.6426086425781,355.99975479057673,352.8146736169759,355.35688864335026,35336400
2021-07-15,351.1587829589844,353.75946723264275,349.15227497712925,353.5549283830806,53391600
2021-07-16,348.31463623046875,352.99973835937095,347.96396846101516,352.0159543042861,47262000
2021-07-19,345.4606628417969,345.957399984481,342.89894858433064,344.8567367734638,64404600
2021-07-20,349.4737243652344,350.9250257506509,344.6132736968415,346.39577285458944,42183700
2021-07-21,352.1718444824219,352.1718444824219,348.8211640614836,349.04520265494904,30259900
2021-07-22,354.49981689453125,354.50953702500715,352.3763994005043,352.3763994005043,30252200
2021-07-23,358.639404296875,358.9218528127302,354.4705391102674,355.8244311910564,31960800
2021-07-26,358.921875,359.3115124841818,357.08096570545763,357.9478407398788,28438100
2021-07-27,354.96728515625,358.65888318865126,350.80816972038474,358.65888318865126,57933100
2021-07-28,356.3309020996094,357.90886240097603,353.8081572033734,356.1068932679036,42066200
2021-07-29,356.96405029296875,358.1328734519502,355.7659775729783,355.7659775729783,25672500
2021-07-30,355.1036376953125,355.6880641311611,352.99972036135557,353.02894019688983,36484600
2021-08-02,355.1329345703125,357.353731728167,354.42187878451074,356.769305165538,27334100
2021-08-03,357.28546142578125,357.402340766853,352.6003595784562,355.79519037679046,35558500
2021-08-04,357.8017272949219,358.75629153288105,356.1361370995005,357.2465206547263,29602200
2021-08-05,360.0712585449219,360.3050172556397,357.90890129528225,358.61992728210447,21443900
2021-08-06,358.49322509765625,359.77895719521547,357.38284172260825,358.80492313194225,33332100
2021-08-09,359.1556091308594,359.6815661496796,357.85040698666484,358.95104056504493,25960200
2021-08-10,357.3147277832031,359.9641021847074,356.12640478564975,359.671903793984,35130800
2021-08-11,356.70098876953125,359.07763414720506,355.366566923288,358.5808970120235,34249800
2021-08-12,357.9867858886719,358.34717378418077,354.8406447431294,356.1945665399489,25969200
2021-08-13,359.24334716796875,359.5745152717135,357.84073536083304,358.33750237903445,19336200
2021-08-16,359.39910888671875,359.4380488481654,354.25621008542686,358.1231266080478,34856900
2021-08-17,356.2335205078125,357.61663235521513,353.7984351319426,356.64259820486717,44793900
2021-08-18,352.80487060546875,357.10036440211934,352.4737025901582,355.697752969533,38541900
2021-08-19,354.50946044921875,356.1848003740432,350.6133238542933,350.8665822450157,48499400
2021-08-20,358.18157958984375,358.5809371482276,355.26919734214954,355.58089539627775,39486000
2021-08-23,363.538818359375,364.2303743624474,359.2141038574624,359.22382398697044,34034700
2021-08-24,364.64923095703125,365.25312749155125,363.66544676198924,364.1329939460542,21732900
2021-08-25,365.0679931640625,365.64269947957564,364.15239867091896,364.90242400209866,20441900
2021-08-26,362.7497863769531,364.8926435250886,362.3114591494093,364.2108375018842,29133300
2021-08-27,366.27581787109375,366.782304938796,362.89591810977646,363.3829351951238,27104700
2021-08-30,370.3862609863281,370.8732780949831,367.0453010298294,367.0648007382814,27295700
2021-08-31,370.08428955078125,370.6979061000707,368.535549084227,370.62974630025866,29628200
2021-09-01,370.6979064941406,372.7726040051485,370.49336764416,371.1459836086018,28138300
2021-09-02,370.5225830078125,372.3829917927604,369.3050403259222,372.0518237503058,25453400
2021-09-03,371.6622314453125,372.06158902854844,369.3537751807719,369.3732451634306,24605400
2021-09-07,372.1882019042969,372.84081791141523,370.6102712223624,371.76937432332227,23970200
2021-09-08,370.8926696777344,372.0128028458302,368.62318351020656,372.0128028458302,32949200
2021-09-09,369.61676025390625,372.22716478427736,369.37325170312164,371.11678124978545,29399000
2021-09-10,366.8115234375,372.05183201275753,366.4803553876909,371.3310562411238,40249400
2021-09-13,366.55828857421875,369.5778006312419,364.50309061768576,369.14922319217203,48741800
2021-09-14,365.5160827636719,368.7790735478233,364.56151854828494,368.0485478991032,41826600
2021-09-15,368.233642578125,368.5843103711688,363.6751693447239,365.97390567086217,34097900
2021-09-16,368.48687744140625,369.0615540549089,364.9706282320513,366.899196932411,35193100
2021-09-17,364.12322998046875,368.0583368829785,363.08103586861984,368.0096470579533,60912300
2021-09-20,356.5992431640625,360.06088636329116,351.94792979807175,358.31542376807806,76203200
2021-09-21,357.0379638671875,359.6317705235582,355.90682812363457,358.43236966212595,41927500
2021-09-22,360.3729553222656,361.8356265950163,356.8527776516215,357.95466143839343,46972900
2021-09-23,363.6980285644531,364.73164701849356,360.8896954975819,361.5332743052497,44652000
2021-09-24,364.039306640625,364.4586282884446,361.05546009837343,361.4260081899673,36056800
2021-09-27,361.13360595703125,362.0112029215791,358.57881111791556,360.9873447559614,43338100
2021-09-28,350.9143371582031,361.08477097054373,350.4072884946912,356.5700172887131,97701600
2021-09-29,350.3389892578125,354.32720231713444,349.71493171409145,352.1819691728253,58076600
2021-09-30,349.0519104003906,353.654451138202,348.2133263769107,351.98701399882475,61384600
2021-10-01,351.2165832519531,352.25996246264947,345.56093347414003,349.67591609447834,56375500
2021-10-04,343.8447570800781,349.929460035189,341.60200637135085,349.5979247852629,76766000
2021-10-05,348.4862976074219,350.7388088998219,344.6833583967544,344.9076156047171,47232900
2021-10-06,350.71929931640625,350.99233007242776,344.3615363777154,345.268385343274,56806500
2021-10-07,353.9371032714844,356.5894143432338,353.23502005372376,353.77132081032454,39411200
2021-10-08,352.1722106933594,355.2535748095402,351.63588008536567,355.019527190838,41822300
2021-10-11,349.47119140625,354.16148831396896,349.3834049413562,350.63154992340384,34847200
2021-10-12,348.2523498535156,351.36293722226355,347.60877081780393,350.9241536239111,43905100
2021-10-13,351.0411071777344,351.7139383471416,348.5350565762104,350.5633107488975,40120800
2021-10-14,357.5060729980469,357.72059928182307,353.97616485800944,354.6392352776378,43433900
2021-10-15,359.75860595703125,359.8756148901785,357.6913687831056,358.72498737006845,40419900
2021-10-18,363.37628173828125,363.5908080414245,357.85713208297847,358.46169809416716,34513500
2021-10-19,366.1260986328125,366.174842435405,363.42504324214417,364.4489011615569,29091000
2021-10-20,365.6483154296875,367.19874336039203,364.16612287345004,366.5844166833328,31390300
2021-10-21,367.88128662109375,368.07632134478047,364.5464130561444,364.84869604717426,25469300
2021-10-22,364.7901916503906,367.58876436290967,363.12275486760194,366.62341092415636,36275800
2021-10-25,368.52490234375,369.4415120721007,364.26365805244086,366.2138864518042,32597800
2021-10-26,369.68524169921875,373.185897641837,368.50536200601954,370.7676337918499,47191300
2021-10-27,370.54339599609375,373.6149997744366,369.87056481745094,370.1338349385236,45760500
2021-10-28,374.65838623046875,374.911925449884,371.6745391024444,372.4448876673508,38007000
2021-10-29,376.50128173828125,376.66706422483475,371.2259407723358,371.5769675559267,37310100
2021-11-01,377.7884826660156,377.915252271739,374.85340919603925,376.9401380838651,30765300
2021-11-02,379.3681335449219,379.8459596955441,377.12538298953825,377.1741267919123,25135300
2021-11-03,383.3953857421875,383.8146776971914,378.8123669559417,379.855716511257,33748900
2021-11-04,388.3099060058594,389.26552845781873,384.116927625578,384.66298909580667,40265300
2021-11-05,388.6804504394531,391.01095744974236,387.2762838840358,390.08461699487043,43383800
2021-11-08,388.1539306640625,389.6751063358414,387.5103517632142,388.65124839610934,29256300
2021-11-09,385.48211669921875,389.62635166233315,384.11696289828757,389.2265513066817,50490700
2021-11-10,379.8167724609375,385.52116718846463,377.88603547495643,382.70310239545245,54937400
2021-11-11,380.8697814941406,382.97603134827784,380.52848563552294,382.8005179666293,32243000
2021-11-12,384.87762451171875,385.4139254712364,380.42134503731154,382.0205170084312,34730600
2021-11-15,384.7897644042969,386.3792051638268,382.342248225366,386.0574306013165,33716900
2021-11-16,387.52984619140625,388.02713413081284,383.86340777129936,384.05841273012476,27872900
2021-11-17,387.734619140625,389.7726040112993,386.76926571717934,387.85162806975535,28703300
2021-11-18,391.7521057128906,392.25915435272515,387.5591268144831,389.782385863176,45721500
2021-11-19,393.9364318847656,395.2138292868913,392.5615170972146,393.3903702361376,45191700
2021-11-22,389.36297607421875,398.53880162582857,389.2557278269908,395.4769593934388,61715400
2021-11-23,387.5883483886719,390.2699120613304,383.1418306430222,388.20264525140595,70098700
2021-11-24,388.8365478515625,389.11930954366755,382.7713363382208,385.10184380161866,46954400
2021-11-26,381.4646911621094,387.6469116875076,380.07025522451335,386.2524757499116,51533300
2021-11-29,389.7433776855469,390.75750473562016,385.3066201984251,386.03795581222244,54447100
2021-11-30,384.0194396972656,391.20602580979875,382.00094638044106,388.8559972719401,81332700
2021-12-01,377.4861755371094,390.5137157292153,377.01813980202394,388.3684527496686,77766500
2021-12-02,380.2067565917969,381.991202368291,374.7753637087126,376.199022015946,84416600
2021-12-03,373.59552001953125,382.57631375320864,369.47077611019176,381.57194728577787,105349100
2021-12-06,376.5891418457031,377.95429586797604,369.86082959641914,374.0830910373829,67588800
2021-12-07,387.9295959472656,388.5439225387325,383.21004768012386,383.2490605730426,56005300
2021-12-08,389.66534423828125,389.87013963197165,386.3597228030423,388.2612072648312,39204000
2021-12-09,383.9316711425781,390.24066032716263,383.73663642652474,388.4366933570873,49973700
2021-12-10,388.1051940917969,388.36846420054485,383.57088946761405,386.74977113336433,52545800
2021-12-13,382.49822998046875,388.4171493879041,382.1276818964401,388.09537485910533,50166400
2021-12-14,378.5392761230469,380.38222615468675,374.08299789020595,377.66164969471333,75199200
2021-12-15,387.16900634765625,387.52982352871624,374.32677148125055,378.285731987136,73858000
2021-12-16,377.213134765625,388.56347717029126,375.62369402177825,388.1344245857638,82591400
2021-12-17,375.3312072753906,379.5046948275117,372.26933442810804,373.79051018722816,80492500
2021-12-20,371.6903076171875,372.4811564437711,368.54642877462436,370.59678972344864,65336800
2021-12-21,380.0089111328125,380.3213533555218,371.2119314083732,374.97089202711385,48899500
2021-12-22,384.6368103027344,384.8418374406181,379.05203315770217,379.71595042064735,37042200
2021-12-23,387.5366516113281,389.0109342929627,384.8223732127448,384.9883376529458,29595500
2021-12-27,393.9415283203125,393.9415283203125,388.8058679911065,388.8351575832602,32820700
2021-12-28,392.11578369140625,395.0155730360387,391.23706596796984,394.83983545057777,33113700
2021-12-29,392.05718994140625,393.5217293581409,389.67487010649415,392.2524737820898,32248500
2021-12-30,390.8855285644531,394.02940732040173,390.29970691005315,391.84234179705027,23850100
2021-12-31,388.4446105957031,391.5787160667457,387.94665774470667,390.21181880493003,34752900
2022-01-03,392.18408203125,392.4379450393912,387.49756828729534,389.61625174467645,40575900
2022-01-04,387.0972595214844,392.76990594071793,383.9924434034849,392.73084321705915,58027200
2022-01-05,375.2052307128906,386.5310077811532,374.95136768775416,385.4081704291294,75739800
2022-01-06,374.94158935546875,378.19288339215086,371.14356614230724,373.3794378886606,70814300
2022-01-07,370.87994384765625,376.6404893322303,369.1029920183495,374.9513764953744,72652300
2022-01-10,371.1239929199219,371.641492055965,360.57932230437393,365.9590726504618,91770500
2022-01-11,376.69903564453125,376.8650000764331,368.30233784702943,370.39173171745125,68295700
2022-01-12,378.1928405761719,380.97547098010676,375.90816302868217,379.2765852682868,54576400
2022-01-13,368.7319641113281,380.2627684160022,367.7946672534968,379.5793047886717,77994000
2022-01-14,371.0263671875,371.35832582770115,365.99809214165305,366.2031490810538,80121200
2022-01-18,361.7900390625,367.3260111231739,361.02847976381724,365.1975543391798,75450900
2022-01-19,357.8162841796875,365.8321883150774,357.55264801282595,363.35222653794654,81791500
2022-01-20,353.1688537597656,365.0316188906089,352.63186780994494,361.04808417807,88610700
2022-01-21,343.37591552734375,353.61791835823607,343.0927628959581,350.97199214339076,143388900
2022-01-24,344.94781494140625,345.61176207631604,326.25053563494765,337.73253340597245,198685800
2022-01-25,336.95147705078125,342.73153950421477,333.6025704777057,338.4746255739146,124398400
2022-01-26,336.42425537109375,348.44324040821306,332.7238439148648,344.5670913641651,146559500
2022-01-27,333.0362243652344,342.9657835843847,332.01102903424174,341.13999612538197,95255700
2022-01-28,343.4833068847656,343.698107195817,329.96074980801365,334.92064363211136,108167900
2022-01-31,354.4673767089844,355.05319848745484,343.2099505743613,344.8502575133053,94326400
2022-02-01,356.8789367675781,357.53311078513343,350.6497877839255,355.8147084193648,74433000
2022-02-02,359.7786865234375,361.3506407420931,355.6779946845823,361.0186821024805,78777100
2022-02-03,345.1918640136719,353.3737607915488,344.12763581218525,350.054144694009,95384800
2022-02-04,349.5465087890625,352.856352328264,343.64928848140767,345.7093929285363,86318300
2022-02-07,346.73455810546875,352.51458972803556,345.47504599264863,350.14204326603056,58198100
2022-02-08,350.6302185058594,351.7237363773352,344.4596193212433,345.5921999155939,64720900
2022-02-09,358.0603942871094,358.1384899507996,353.5593606920272,355.1606048609372,55766400
2022-02-10,349.95654296875,357.8259984819036,348.1112389310948,351.02077129241553,112468500
2022-02-11,338.85528564453125,351.55773077327217,337.62506328514314,349.9564870803465,101569100
2022-02-14,339.2751770019531,342.68269215817605,335.7603063914419,338.29881743322676,80254400
2022-02-15,347.71087646484375,347.945193185124,343.5027698517739,344.566998017879,55128800
2022-02-16,347.6230773925781,348.6482430454724,342.419064082673,345.4555579070293,58947100
2022-02-17,337.28338623046875,345.1040052171542,336.8635290190382,344.40102521649555,61801400
2022-02-18,333.4365234375,338.6112165750789,331.12255632133497,338.22067875649054,80001500
2022-02-22,330.08770751953125,335.90683337098005,326.44590454117264,330.48801861239554,85967100
2022-02-23,321.63232421875,334.0906498068905,321.31988206205,333.2509950313989,86215400
2022-02-24,332.4407043457031,332.9777200577814,310.7362473085506,311.3025228236173,130614100
2022-02-25,337.5958557128906,337.8009126866889,329.41398711072134,333.24130014245407,78842100
2022-02-28,338.6014709472656,340.30035678010427,333.2510398261759,334.4129100432289,77515500
2022-03-01,333.4169921875,339.8511976410716,330.8882246878627,337.5762931432007,67407000
2022-03-02,339.01153564453125,340.34914334820735,332.19653583181395,334.96939314518386,70609000
2022-03-03,334.1688537597656,341.7649304270641,332.30400330621393,341.6575153746562,71089400
2022-03-04,329.3260498046875,333.24126096266144,327.00233920668967,331.80601129547387,76936300
2022-03-07,317.18011474609375,330.4781554050706,316.97508760572344,329.3162852827627,89933800
2022-03-08,315.70587158203125,325.332762599329,312.3764818868923,316.38930540045993,116153900
2022-03-09,327.0706787109375,328.42783279833134,321.3101632795259,323.9072832786369,64723400
2022-03-10,323.43865966796875,324.64936592954814,318.9864619218581,322.9993156907338,69362700
2022-03-11,316.7310485839844,326.72899115892415,316.242868783517,326.41654893555375,66228400
2022-03-14,310.6483154296875,318.8692457392652,309.9453353973799,315.49105020995813,79802600
2022-03-15,320.39239501953125,321.1735005729156,311.68328412123947,313.29427149315757,76471000
2022-03-16,332.2746887207031,332.39184709915105,320.6364697914419,324.31736435907646,105243000
2022-03-17,336.2972717285156,336.3558509153767,329.07221731974755,330.3707623566719,67810000
2022-03-18,343.1806335449219,343.47355930881037,333.4756165314779,334.63748686380086,85446300
2022-03-21,342.2265319824219,344.5727158929614,337.8274818996117,342.343865044323,73799100
2022-03-22,348.9521789550781,349.8222275832401,342.34384876467936,342.725084240584,63345900
2022-03-23,343.9373474121094,349.63657911428345,343.87869578506934,346.06846591546895,70615500
2022-03-24,351.5818786621094,351.63077489980714,343.70269297671206,345.863107159361,53555300
2022-03-25,351.28857421875,352.5789693293863,346.97750180341905,351.5231806632417,57584200
2022-03-28,356.7237854003906,356.8215480143262,350.0372343020643,351.27873298345816,56833900
2022-03-29,362.86297607421875,363.4886032323763,357.8480542638005,360.62434003774064,68073000
2022-03-30,358.8549499511719,362.6576986664745,357.36905933342405,360.9958233727957,68757700
2022-03-31,354.40704345703125,359.3535286238368,353.56632057314437,359.00158909503324,67011400
2022-04-01,353.73248291015625,355.45297985303563,350.54560622298,354.6709385001782,54527800
2022-04-04,361.0153503417969,361.0251355548036,354.3092574717849,354.5731897262691,45950200
2022-04-05,352.999267578125,360.2723646930638,351.8555016516066,359.5587304113077,62738700
2022-04-06,345.3352355957031,348.7762597754204,342.69579346851464,347.671604587619,90077100
2022-04-07,346.1563415527344,348.3558664187858,340.86770262818374,344.3380521503232,63777400
2022-04-08,341.31732177734375,345.1689359964626,340.6819095482218,344.4162205660211,61956100
2022-04-11,333.2427062988281,337.99366585039377,332.9005520081636,337.0747508219651,66107400
2022-04-12,331.8349609375,339.89009936501475,330.4565885901382,338.0034031766319,72790200
2022-04-13,338.5802307128906,339.63598961677593,331.4537611545188,332.177150962126,61367800
2022-04-14,330.83782958984375,339.1862560083834,330.6227637625243,338.66814694706324,73519400
2022-04-18,331.092041015625,333.3893285399202,328.25710378335174,329.78210532438055,58560600
2022-04-19,338.4922180175781,339.0689787274563,329.42040122842354,330.4468342178235,56515700
2022-04-20,333.5555725097656,339.76312789894456,332.3336139620128,339.3036702916706,65500000
2022-04-21,326.6539001464844,340.06611618903673,325.72522970029024,337.4462446466205,75801000
2022-04-22,318.10015869140625,328.0322387093622,317.67002701021005,326.81028048618305,82562100
2022-04-25,322.18634033203125,322.499168758726,315.1967461189143,316.4676004150015,101755900
2022-04-26,310.02545166015625,320.30944041836756,309.75170440269335,320.1237003982102,105819600
2022-04-27,309.654052734375,315.63675646062467,307.93352571083716,310.12326568045285,111204200
2022-04-28,320.65167236328125,322.48950258729093,310.39697708845495,314.6298577319818,99450000
2022-04-29,306.2227478027344,319.8891400726332,305.5873354578455,316.4383310512874,91977900
2022-05-02,311.33538818359375,311.56999459593345,302.70345932306543,305.81211361841406,115511800
2022-05-03,311.6677551269531,313.96504234228314,308.89146987864683,311.35492669061847,78185500
2022-05-04,322.2060241699219,322.88054765049253,306.8484580511445,312.146853415864,116083400
2022-05-05,305.9783630371094,317.9535545617247,302.67418296969595,317.8753623558244,154607400
2022-05-06,302.3124694824219,308.0214548168633,298.2653294595842,303.9743446269906,139572800
2022-05-09,290.48388671875,302.410210247968,289.0859737489621,296.67189952380653,113387300
2022-05-10,294.01300048828125,298.90083449116946,289.91699320722324,297.6788759904474,124124600
2022-05-11,285.2929992675781,297.2681887031671,284.4229806094794,291.7449440321204,140326100
2022-05-12,284.6184997558594,289.1153119265507,278.5478197335563,281.00152136103685,120910900
2022-05-13,295.1664733886719,296.2026916394531,287.482784092407,289.0860077003123,83684900
2022-05-16,291.74493408203125,295.4792450855164,290.4643244175993,293.4165643603501,59190400
2022-05-17,299.30157470703125,299.68281016235943,293.8076254350322,297.6201589861022,62715300
2022-05-18,284.6087646484375,295.4695156516573,283.3476953351056,294.7754516935142,79477100
2022-05-19,283.083740234375,287.78586331460826,281.12860691466454,282.80026738275313,79920700
2022-05-20,282.20391845703125,287.2090546674022,273.92392817553366,286.5541017529559,91764200
2022-05-23,286.896240234375,287.2774756736085,280.84510093697395,283.249906283337,63648400
2022-05-24,280.7962646484375,282.3799180153792,275.91821609641875,281.666313378629,73491100
2022-05-25,284.7259826660156,286.80820375029776,279.09519098265633,279.30047156149965,67144500
2022-05-26,292.6150207519531,294.16937802379573,283.6409658031417,283.9244684931405,59462200
2022-05-27,302.1658020019531,302.31243100593775,295.63566513884143,295.75296834202913,66985600
2022-05-31,301.36419677734375,304.34576264294753,297.5027972031051,302.13648265878385,60968300
2022-06-01,299.1353454589844,305.63615664043857,296.9162802701189,303.5050688555762,65341700
2022-06-02,307.3274230957031,307.50337794131923,296.5937300185986,298.0112136629873,59291300
2022-06-03,299.3309326171875,303.50513164649175,298.07964844644505,302.09743322528556,60914700
2022-06-06,300.3280029296875,305.3429242087477,298.7638904505688,303.77881172962907,51785000
2022-06-07,302.9185485839844,303.70061974056676,295.8996277640813,296.9944975503324,44900300
2022-06-08,300.7386169433594,304.7270757278671,299.8881089026427,302.11695965959603,38342100
2022-06-09,292.6834411621094,302.1169531139931,292.51727154254525,299.0474094287915,55900500
2022-06-10,282.3603515625,288.2550773512787,281.9106792504298,287.0624448282488,85963500
2022-06-13,269.23162841796875,276.00615798558107,268.3713650126276,273.47426400070475,94442000
2022-06-14,269.7204284667969,272.40873685880445,267.20807491871756,271.4311701708017,64697500
2022-06-15,276.455810546875,280.3954025805531,270.4046711688957,273.1516606419868,86051400
2022-06-16,265.3018493652344,269.86706929115337,263.23916805030774,269.4076117344043,81910300
2022-06-17,268.52777099609375,270.9716874893175,264.44154977933516,266.07406929034823,82703400
2022-06-21,275.30255126953125,277.6238624086913,272.91273154651367,273.0204562132774,51633700
2022-06-22,274.9010925292969,279.31837319078,272.1978122939211,272.7952599425798,67472900
2022-06-23,278.9951171875,279.8472301749369,274.54842528340214,277.3888118716288,57457800
2022-06-24,288.5545349121094,288.9757193550371,281.5906890875906,281.8257465327104,58422300
2022-06-27,286.43890380859375,290.4839893977777,285.3027432221023,289.91592404968713,54151500
2022-06-28,277.7120666503906,289.5731407765683,277.52596955974604,286.977615420622,61609800
2022-06-29,277.9666748046875,279.47502953624235,275.06752393221257,277.5749025068358,57302700
2022-06-30,274.51904296875,278.1038178615727,270.11153726466966,274.97938364901086,79313600
2022-07-01,276.3310852050781,276.72285759928644,271.3359049805488,273.21645431919336,56675100
2022-07-05,281.061767578125,281.17929629551327,271.06163400281076,272.58956710948763,61829300
2022-07-06,282.86395263671875,284.9697851496451,279.71993979290795,281.4437740727792,63194700
2022-07-07,288.9169616699219,289.62216391189287,283.67692013905724,283.67692013905724,56620100
2022-07-08,289.279296875,290.6505148930635,285.1362307547655,286.076490268536,59895500
2022-07-11,283.0989990234375,287.08532038361517,282.21750385429266,286.86006699801703,55273900
2022-07-12,280.3565979003906,286.2724597810351,278.76009622663025,284.35275409697044,55797100
2022-07-13,279.7786865234375,282.12935046311884,274.2644018922793,274.8324971943098,73939400
2022-07-14,280.77777099609375,281.64946230937994,274.04895251469446,277.1733873457408,63741800
2022-07-15,285.870849609375,285.97860419363474,282.1587415445203,283.77485107621396,63818100
2022-07-18,283.45159912109375,290.0726620739354,282.276282134345,288.6622577775867,59519600
2022-07-19,292.16864013671875,292.4624917806867,285.4790391624275,287.08531456627213,55172600
2022-07-20,296.8014221191406,297.9865430182789,291.8062431915184,292.5898176668118,67769400
2022-07-21,301.06201171875,301.1207760671185,294.59766438542886,297.26175777593596,55049400
2022-07-22,295.7828674316406,302.20803035415844,293.95130832130184,300.1316097608264,57127700
2022-07-25,294.09814453125,296.2823191652776,292.09029283683253,295.8121744768343,40582400
2022-07-26,288.3194885253906,292.6486526110591,287.50656156962765,292.39398710886763,50074100
2022-07-27,300.5037841796875,302.1982362907689,292.3254052089998,292.89350055065717,69304400
2022-07-28,303.442138671875,304.0200081789565,296.5272528545032,300.288321607752,55139900
2022-07-29,308.9759826660156,309.88689003257247,303.55964825513223,304.98966073194316,57501000
2022-08-01,308.7898864746094,312.2571331989976,306.10621437482854,307.2031889589633,46358800
2022-08-02,307.8691711425781,312.00243342597105,305.4303607765366,306.48817893094156,48676500
2022-08-03,316.25323486328125,317.07596566039325,309.4950356543066,309.55380000479244,53735700
2022-08-04,317.732177734375,318.0456075307005,314.17678507622816,316.33157756307793,38973700
2022-08-05,315.13665771484375,317.17389164328364,311.84573447113826,312.6292790843126,53894000
2022-08-08,314.1180114746094,319.7596280810751,312.6488429742014,316.0573246556594,43878500
2022-08-09,310.5626220703125,312.4725530963337,308.9367685501805,312.2178876554482,39764200
2022-08-10,319.2308349609375,319.5246867018993,315.4403836360622,317.9183808775389,51459600
2022-08-11,317.4188232421875,323.5697424753389,316.7136209783089,321.5618902787643,45897700
2022-08-12,323.5990905761719,323.7949617888893,318.41781427126165,319.47560251280856,40928400
2022-08-15,326.2142333984375,326.7137603483523,322.6294579897352,322.6490660365964,38266600
2022-08-16,325.4501953125,327.54622332461093,322.39432970520187,325.2347160765849,41186900
2022-08-17,321.73809814453125,324.6176708017176,319.6518740877626,322.3061933709475,47842200
2022-08-18,322.5119323730469,323.69705349725365,320.0731217405901,321.6892014354749,41937200
2022-08-19,316.2238464355469,320.12205135425785,315.459879931814,319.46583942801067,51770600
2022-08-22,307.8985290527344,312.1885059057158,307.0856022915618,311.9534485078461,51098900
2022-08-23,307.6439208984375,310.484307640111,306.8897285292592,307.66349905323347,39497100
2022-08-24,308.5351867675781,310.35694134692073,306.5566874055671,307.1639389320147,38057100
2022-08-25,313.9906921386719,314.0103001826446,309.2697865394439,310.3177707311011,38098300
2022-08-26,301.1208801269531,314.90169249755184,301.03273357393914,313.6969631590542,69047700
2022-08-29,298.153076171875,300.9053162627103,297.0462977222622,298.35875140444995,48321900
2022-08-30,294.83270263671875,300.42535851259424,292.3057461500086,299.80830300447815,51184500
2022-08-31,293.1187438964844,298.642832746009,293.0110192021264,297.74172942724925,50044000
2022-09-01,293.24603271484375,293.6182268583599,286.9286259677699,290.6211254473125,57990700
2022-09-02,289.10302734375,297.50665908061006,287.4869178759996,296.12563692816366,64666800
2022-09-06,287.02655029296875,290.5036004605088,284.8913658416543,289.58291911171983,57005400
2022-09-07,292.8248596191406,293.82388339584736,287.2420076020944,287.50647705056707,49260400
2022-09-08,294.3429870605469,295.66524462605173,289.3772204821167,290.74843837251467,55649800
2022-09-09,300.77801513671875,301.277542072908,294.34304888585496,296.60556635281927,56125200
2022-09-12,304.3529357910156,304.68594372963713,301.8455572846696,302.15898707054026,45905700
2022-09-13,287.6632080078125,296.79161902356276,286.77190885268436,295.5966940990329,79562200
2022-09-14,289.9452819824219,290.8267770510793,287.0363273326368,288.8091214909249,54907200
2022-09-15,285.11669921875,290.4350831281966,283.51039364187335,288.02565465319753,65299400
2022-09-16,283.3732604980469,283.7650328323365,279.7492991526634,281.8061412705753,79920400
2022-09-19,285.5799865722656,285.7369831212887,280.664165007613,280.7230349704929,52613800
2022-09-20,283.3035583496094,285.5995763034925,280.99771875574464,283.0680485982199,51271100
2022-09-21,278.230712890625,288.4254554758567,278.0933596501901,284.1473826379037,82931000
2022-09-22,274.80633544921875,277.71069644275195,273.57982811059514,276.70005559348715,62757100
2022-09-23,270.3320617675781,272.628080104947,266.90763262872497,272.3337003525483,74815200
2022-09-26,269.21343994140625,274.23720902152206,268.4186656112175,269.86103938526855,71176700
2022-09-27,269.3213806152344,274.94367072370767,266.9958977002677,272.58878277632454,69780100
2022-09-28,274.6788024902344,275.96417991940325,267.82018232072704,269.3017829780873,79652100
2022-09-29,266.76043701171875,271.05812354438996,263.78738440191603,270.67543887919436,81216000
2022-09-30,262.2370910644531,270.01804644675275,262.0800945315711,265.93622642390045,78482400
2022-10-03,268.3892822265625,269.98865283481825,262.5020460895905,264.0131117490755,61267400
2022-10-04,276.8276062011719,277.5340755980443,273.7466055152483,273.7466055152483,66696900
2022-10-05,276.6804504394531,278.4760440609356,270.2437421314964,273.04997663213595,55766300
2022-10-06,274.5021667480469,278.8390799717907,274.17835203878275,275.6795958383905,53489400
2022-10-07,264.0424499511719,269.97873223581684,262.7079946783532,269.85117070855983,71354700
2022-10-10,261.403076171875,264.63125207537865,258.6851465176474,264.23874574700363,60393000
2022-10-11,257.81182861328125,262.6001177949354,256.1241534089937,259.7251919354999,66522500
2022-10-12,257.7235412597656,260.3727791819486,257.0268934659801,258.44962403233006,50580200
2022-10-13,263.76776123046875,265.0923951039524,249.48139161626037,250.36448585592046,112894100
2022-10-14,255.83958435058594,266.7015394731596,255.25088484043877,266.10301832316867,77244300
2022-10-17,264.2878112792969,265.1610689466003,261.72684834694667,261.82497492431366,64576500
2022-10-18,266.3777770996094,272.00006750155967,263.68925268685314,271.3328547047113,69781000
2022-10-19,265.4063720703125,268.536421260434,263.03187058099604,264.8568991664693,53115400
2022-10-20,264.0523376464844,269.6746589204549,262.8847300312931,264.5135056736062,60605500
2022-10-21,270.2436828613281,270.7833340103164,261.80530798392016,262.9435101714795,77897700
2022-10-24,273.2167663574219,274.14889389885707,266.85854200823854,270.5086287735804,63963600
2022-10-25,278.8684387207031,279.2511232826748,272.67703370187354,274.1586637587092,59014500
2022-10-26,272.70654296875,278.6428565075754,272.2159400288815,273.22658088724955,63492400
2022-10-27,267.7415771484375,273.0499032333554,267.22153935903253,271.58791641756056,57760300
2022-10-28,275.93475341796875,276.4057430793564,266.9469028353632,267.11372103128093,62651300
2022-10-31,272.7261657714844,274.5021458849277,270.8029808319124,273.6779366011218,47742000
2022-11-01,269.9394836425781,276.76869682086,269.57644232746105,276.20940238966926,45895900
2022-11-02,260.686767578125,272.9812758948234,260.6180759808633,269.91009673983194,79803100
2022-11-03,255.5943145751953,259.52895980498926,255.21165984618818,258.06697260027494,70038900
2022-11-04,259.7055969238281,261.59931731748236,254.21083733437888,260.5396280127319,78313200
2022-11-07,262.5608825683594,263.10056377850293,258.6164456395139,260.7554673099015,47333800
2022-11-08,264.4742736816406,267.72206314682194,260.52980639660615,264.08179727036173,63213800
2022-11-09,258.3711242675781,263.51263319340626,258.0865661948358,262.7276805133192,64862100
2022-11-10,277.43597412109375,277.7303239197382,268.7032474143106,270.8226557966358,99256700
2022-11-11,282.5480041503906,283.2152468291002,275.9052518907196,277.2494989998445,66961800
2022-11-14,280.075439453125,283.7745752459589,279.0942334656754,280.4875291991968,55290700
2022-11-15,283.9512634277344,287.74852645465506,280.5955252039234,286.71824202599487,73985400
2022-11-16,280.075439453125,284.0395200267497,279.251230016951,281.9888031062638,48859800
2022-11-17,279.4572448730469,280.93887533704117,275.44411640871823,275.60111294313054,55462100
2022-11-18,279.4670715332031,282.57747746653075,277.01405678400505,282.479380831785,53588600
2022-11-21,276.5921630859375,279.2315795760178,275.7581320291764,278.0737637270706,40083500
2022-11-22,280.5758056640625,280.73277223862226,275.18896555273415,277.3280169174192,41873400
2022-11-23,283.3918762207031,284.0198323836989,280.418823740833,280.59543360442314,46390000
2022-11-25,281.5276184082031,282.4990026961143,281.03701544355647,281.792533229262,15498800
2022-11-28,277.39666748046875,281.56679189214634,276.4645399901546,279.54551045518446,38714200
2022-11-29,275.2969055175781,278.0246563152558,273.9232234511259,277.62235836293354,35618900
2022-11-30,287.8465270996094,287.95447531149665,274.7081966440505,275.56184092268626,74718100
2022-12-01,288.19976806640625,290.1916146377565,285.4131471945287,288.17033309023947,51547300
2022-12-02,287.0517883300781,287.9348976391792,282.9405330092807,283.11717283751847,53583200
2022-12-05,282.23406982421875,286.1981199653344,280.7720527211385,284.92256431644523,41482100
2022-12-06,276.38604736328125,282.21441231214783,274.9927518717082,282.0770590686523,53937600
2022-12-07,275.2576599121094,277.25932811415316,273.540549774362,275.19878996005144,45614300
2022-12-08,278.51531982421875,279.4867041498166,274.5316259922556,276.6117778520161,42594900
2022-12-09,276.73931884765625,280.27166605638797,276.29776421755446,277.49483660651276,47860500
2022-12-12,280.2127380371094,280.27163793337,275.8758251875855,276.9159009357894,35732500
2022-12-13,283.2250671386719,291.3004021930378,280.53657264880724,291.0747140640827,80667700
2022-12-14,281.125244140625,285.9331459014172,277.8676341522928,282.63627930223197,64984400
2022-12-15,271.6861267089844,277.69110226210313,270.4890542661449,277.02385946640084,60554100
2022-12-16,269.0957336425781,272.54956783053746,267.4865415003507,271.00909723588006,68300400
2022-12-19,265.3139343261719,269.45469205157076,264.07464554690455,269.3661757124393,44167900
2022-12-20,265.107421875,266.85814856625257,262.56001803869924,264.143527173812,51064200
2022-12-21,268.953125,270.26123993454263,265.30411436251245,266.1499872651614,46394700
2022-12-22,262.3731384277344,266.0614696358808,258.1438339662967,265.9336026848172,60278400
2022-12-23,262.9632263183594,263.63206646907213,259.196224220141,261.1043231467132,39373600
2022-12-27,259.24542236328125,262.4616665309038,258.7044791014766,262.3534598691124,38009000
2022-12-28,255.82261657714844,261.1043011970968,255.4587060935708,258.8421371006508,47139000
2022-12-29,262.0584411621094,263.00264571826284,257.9373426100936,258.63565837443576,45893600
2022-12-30,261.90106201171875,262.02892898269437,257.97668660016063,259.28480173210636,37858300
2023-01-03,260.130615234375,265.70735480454834,257.81925517645493,264.23202242915863,42335300
2023-01-04,261.369873046875,263.0517735598777,258.2126701796838,262.25509648138757,47754900
2023-01-05,257.27825927734375,259.865013283289,256.9635445436197,259.69782577095305,45396700
2023-01-06,264.37957763671875,265.5008447681954,256.05871056351606,259.01922078173544,54659700
2023-01-09,266.09100341796875,270.7628901124111,265.48120406247244,266.37621278378515,45568700
2023-01-10,268.34326171875,268.4514683625171,264.5467543317201,265.0581920579748,35247800
2023-01-11,272.98565673828125,273.0938633879295,268.6285156353028,269.4153775827448,44077000
2023-01-12,274.46099853515625,275.4937492486474,269.23832411872826,273.5462996296158,60600000
2023-01-13,276.3494567871094,276.5953455435482,271.61855951448354,271.9529646213542,44802900
2023-01-17,276.91009521484375,278.19854991993594,274.9823057192175,276.15273862166276,36269700
2023-01-18,273.3102722167969,280.00827946391746,273.10373406816393,278.4542457322911,47754500
2023-01-19,270.6251525878906,272.81849104631254,269.38589369701623,271.67756364298884,44150400
2023-01-20,278.0313415527344,278.36574667653514,271.1759614755213,272.23821776591797,60613600
2023-01-23,284.2080383300781,285.4374820538395,278.0805100209094,278.8771871526495,52799900
2023-01-24,283.62774658203125,284.7883342620329,282.06389775578174,282.58518069786487,44875100
2023-01-25,282.9982604980469,283.6178748681591,276.555957931968,279.1033615059184,50872000
2023-01-26,288.5160827636719,288.69311549835135,283.7753394302127,286.4309505132968,51596300
2023-01-27,291.38800048828125,293.3551103977071,287.0800249841242,287.1980467761753,56441900
2023-01-30,285.49652099609375,289.5389479650875,285.12279528055996,288.11278109914326,49405800
2023-01-31,289.77496337890625,289.87332488004057,285.42766717649994,285.5358438167465,46705100
2023-02-01,295.9713439941406,298.4400463013743,287.4930758213984,289.5683922004085,67562200
2023-02-02,306.59375,308.52150929625026,301.68582040796457,302.5120029635004,83070600
2023-02-03,301.1449279785156,307.2528274639038,299.53191303701834,299.9253291191599,76170800
2023-02-06,298.5975036621094,300.87935880834584,297.2500379123942,298.51883245721757,40802300
2023-02-07,304.7840270996094,305.9151093423731,297.34835372777377,298.4695908155438,67584000
2023-02-08,299.3646545410156,304.4102968979293,298.6761839952659,303.4660924266537,56720900
2023-02-09,296.7188720703125,303.90865688562087,295.26322984664824,303.76112963534644,49137800
2023-02-10,294.77142333984375,296.6106662490203,292.36170176476514,294.5550400554868,50050100
2023-02-13,299.4925537109375,300.0826928248424,294.9976993135386,296.1779775413484,39636700
2023-02-14,301.7054748535156,302.6595243364846,295.96151766275415,297.908967230302,64079100
2023-02-15,304.01678466796875,304.18397216966326,299.1973723098759,299.8858426377695,43100600
2023-02-16,298.312255859375,303.3578984269771,298.16472859453404,299.3745121976703,59498600
2023-02-17,296.2074279785156,296.96475452433197,293.197752073914,296.11891163022926,58230700
2023-02-21,289.19464111328125,293.81736107071214,289.0569590378009,292.3715341917466,46526700
2023-02-22,289.4110412597656,291.48632777680405,287.74883100896216,289.77495178525845,51389200
2023-02-23,291.93878173828125,293.2272362962593,287.7389829740755,293.0698639054594,69294400
2023-02-24,287.0505065917969,288.1520832888862,285.28008974372005,286.96199025175014,74332000
2023-02-27,289.1061706542969,291.61422399823516,288.5160316275709,290.21759265122535,48995000
2023-02-28,288.7323913574219,291.2502896511579,288.14225237888974,288.47665746305773,48243100
2023-03-01,286.4112548828125,289.09634107471953,285.4276997905167,288.4373759716842,58287000
2023-03-02,288.78155517578125,289.58807744054644,283.6277368300706,283.91297617067585,53565900
2023-03-03,294.7517395019531,294.98781310007047,290.02084260511054,290.5323103879357,60511500
2023-03-06,295.086181640625,299.0007416294589,294.88948863582635,295.99106551299883,56736300
2023-03-07,291.46673583984375,296.05995169639647,290.8569364361978,295.13540743418434,65955800
2023-03-08,292.92242431640625,293.5223785961154,290.03076955361746,291.88967332071115,50876300
2023-03-09,287.8471984863281,296.03038296556815,287.0308310599027,293.42393830636234,71456700
2023-03-10,283.8047180175781,289.5093537159258,282.65397574085165,288.0143312494645,98593600
2023-03-13,285.9095458984375,289.6273818247118,280.49999452331457,282.0146773127479,97123600
2023-03-14,292.4797058105469,293.03049413445825,288.62418754316735,289.47003032070535,73602500
2023-03-15,294.0141296386719,294.34853478306854,288.4176985128516,289.86352576358706,83631500
2023-03-16,301.7645263671875,302.1284369378492,292.3027314671098,293.0994086665904,98198100
2023-03-17,300.3383483886719,304.0660303423184,298.3810834915909,301.67599883245816,89923700
2023-03-20,301.4041748046875,301.7292371641134,297.5032761806734,299.71970063602834,56359500
2023-03-21,305.708984375,306.162111661887,301.82777615494865,303.3448041041412,49757000
2023-03-22,301.5519104003906,310.54567251424095,301.3844640652585,305.6399758897284,75791900
2023-03-23,305.1278076171875,309.46214334329983,302.42870442717185,305.2952840480836,74576000
2023-03-24,306.25079345703125,306.34927716855964,302.36958525783,304.70421439009317,57195200
2023-03-27,304.152587890625,308.03379627560577,303.2955751364615,306.9502048372789,50287400
2023-03-28,302.53704833984375,303.60094905524085,300.22210980949194,303.57139792771227,48585900
2023-03-29,308.0534973144531,308.67410107090615,305.4233266471486,306.24095796704836,53274300
2023-03-30,310.9693298339844,311.59979400949817,308.1421615657209,310.53589322886523,58354800
2023-03-31,316.1408996582031,316.37733868911585,310.89045006303394,311.1958216683756,62138100
2023-04-03,315.3725891113281,315.63857930437644,312.6833464904727,314.01317720698313,47126800
2023-04-04,314.30877685546875,316.83057358635665,313.08725995674706,315.8159446677743,45875400
2023-04-05,311.2057189941406,314.29884693013895,309.38331947806876,313.3531808807984,62795700
2023-04-06,313.3039245605469,313.79646336983063,308.15198785523563,309.550781238779,46916500
2023-04-10,313.1266174316406,313.1758893498203,308.5755636492215,310.36841212780575,45134700
2023-04-11,311.1170654296875,313.14635307497167,310.6048358667348,313.087220757915,40113600
2023-04-12,308.3686828613281,313.66840485920284,307.90569521305554,313.0773523202322,62813300
2023-04-13,314.4072265625,314.8800445643015,308.9498883149775,310.13196338166347,54613800
2023-04-14,313.8161926269531,315.57945996698004,310.90034115256833,312.8508057123304,56278300
2023-04-17,314.0821533203125,314.43679690552113,311.32394793395235,313.402447338998,43007000
2023-04-18,314.1018371582031,316.6236635360586,312.900071315091,316.2000573099406,46746900
2023-04-19,313.9541015625,315.0180023004906,311.5603699952991,311.68843490470397,38960100
2023-04-20,311.5603942871094,314.50576718432677,310.2699448200363,310.9792020132678,62462100
2023-04-21,311.8854064941406,312.66362622051224,309.4128821446647,311.195870207055,59002300
2023-04-24,311.2352600097656,312.9985271571872,309.0582170070382,311.6588361359833,44043100
2023-04-25,305.3641357421875,310.2698320508874,305.2656520512398,309.59998662912403,57121600
2023-04-26,307.2161560058594,310.2403515483062,306.6940660638558,308.76273510163384,55400500
2023-04-27,315.569580078125,316.0719491559726,310.3486513414319,310.9889757599679,65430400
2023-04-28,317.74664306640625,317.8352964470779,314.2003575286192,315.3331908090026,59712600
2023-05-01,317.38214111328125,318.8006552031,316.29854978603345,317.283627344953,41013400
2023-05-02,314.6141052246094,317.63830083039403,312.87049854122097,317.31320837049464,56519400
2023-05-03,312.5552673339844,317.65796187829636,312.4468931700833,314.9785497134306,59882100
2023-05-04,311.4519958496094,313.4812532864978,310.41764633950567,312.3286992751668,50224500
2023-05-05,318.0717468261719,318.92875959863363,311.49140507028153,313.71769024908843,51806100
2023-05-08,318.8597717285156,319.2045549020113,316.5251426192928,317.6087339950582,36465800
2023-05-09,316.84039306640625,318.0618797451931,316.5251610002082,317.1950065942407,31768800
2023-05-10,320.2881164550781,321.14512907996345,316.80093364765327,319.2833181537534,60446600
2023-05-11,321.33233642578125,321.8741170999283,319.2833581110262,320.83979760848985,44278500
2023-05-12,320.1797790527344,322.2878595987753,318.12097042522294,321.8642533730286,48432800
2023-05-15,321.91357421875,322.1499832646362,319.1257872831941,320.652675870377,33375600
2023-05-16,322.27801513671875,323.99204066800223,321.1550121595435,321.194423683879,40019200
2023-05-17,326.1788635253906,326.7600556545739,322.1597604722226,323.341835458599,47486100
2023-05-18,332.2371520996094,332.45387040069096,326.5532644725052,326.57295520453573,64213500
2023-05-19,331.4884948730469,333.16310886726666,330.4245941593688,332.4538517455428,61554900
2023-05-22,332.60162353515625,333.61625228580976,331.22249081123755,331.23235120738036,43015900
2023-05-23,328.38543701171875,332.0302359646383,328.0308235242421,330.8777120681583,48216700
2023-05-24,326.7010192871094,327.94222683216327,324.64221046316493,326.4251987284514,62891200
2023-05-25,334.6505432128906,335.921301657363,331.6460687396712,334.07921146684254,66862800
2023-05-26,343.2010498046875,344.03837182586307,335.5765583567778,335.67507213494866,63007000
2023-05-30,344.7574768066406,348.64851537438756,343.3291022305439,347.44671947362946,72652200
2023-05-31,342.797119140625,345.3681871194773,341.33922363986596,343.17145341098654,65105400
2023-06-01,346.7572021484375,348.0870329605217,341.4870305724436,342.5410709000794,50488600
2023-06-02,349.3577880859375,350.52017251639904,346.75719868113913,348.52046605775655,53372100
2023-06-05,349.6040344238281,352.16524219770247,348.56971496812054,349.1410467490809,47266200
2023-06-06,349.5449523925781,350.5103393193497,347.6634504592224,348.9933113093328,41390400
2023-06-07,343.6147766113281,351.79090868940256,342.984312515711,349.83061387979916,69225900
2023-06-08,347.88018798828125,348.3431757154192,343.6837773773522,343.9103260113183,47153900
2023-06-09,349.21002197265625,352.3228709099733,347.7619566452047,349.33808687528955,53196900
2023-06-12,355.11065673828125,355.209170522462,349.8996172578236,350.8748345781848,44606500
2023-06-13,357.83929443359375,358.67658633410844,354.6574830002181,357.8688455587627,57097800
2023-06-14,360.4399108886719,360.725591828361,355.0417045350891,357.84915182496474,69525600
2023-06-15,364.7348327636719,366.22227946055284,358.54854679135525,359.1691204117541,71138800
2023-06-16,362.43963623046875,367.2862318124941,361.99636929631725,367.1581668996772,80932000
2023-06-20,361.9208068847656,363.32154935983317,358.95167596004046,360.9837173636641,49204700
2023-06-21,356.9886169433594,361.2105314791675,356.0613713585557,360.7765003499649,53378300
2023-06-22,361.20062255859375,361.35842466493347,355.3313595534322,355.73579894654057,47603000
2023-06-23,357.61993408203125,359.92817404557985,355.9232752066767,357.2943956941729,48922900
2023-06-26,352.8258972167969,359.8887320632771,352.73712222431004,357.0872774766993,52685500
2023-06-27,358.8923645019531,359.62234225873766,353.64458634815446,354.3745340015221,49428100
2023-06-28,359.5927734375,361.5458832510204,356.98858688158106,357.06751804574645,46498000
2023-06-29,358.8726806640625,359.93804068933997,357.2253613280005,359.2968378484694,46151000
2023-06-30,364.4066162109375,365.4620723675065,362.24633428207915,362.5619686850233,58712500
2023-07-03,365.26470947265625,365.89600821750776,363.962616300666,365.0476939439912,19432900
2023-07-05,365.2549133300781,366.96144626449137,363.6569032348146,363.6963688220893,34460900
2023-07-06,362.4731750488281,362.91708011954734,359.57307151546667,361.53608560447583,49374700
2023-07-07,361.2697448730469,365.4522242749665,361.0428854707792,362.246330046742,47133700
2023-07-10,361.3880920410156,362.0687304179502,358.47814472980923,360.99352648566486,48498800
2023-07-11,363.17352294921875,363.62727179126034,359.67168246967464,361.8122463196746,38214100
2023-07-12,367.7604675292969,369.1118704446763,365.27464717956036,367.2869707713889,61975400
2023-07-13,374.0045166015625,374.8331132766442,370.36459150180497,370.94658094846636,46960000
2023-07-14,373.9256286621094,377.66417270175424,373.04769244846733,374.43856087800043,55148500
2023-07-17,377.41754150390625,378.29547766181156,374.1623382225001,374.64567874339326,40868900
2023-07-18,380.50506591796875,381.8762165085759,374.8429737890912,376.7763659617825,55262000
2023-07-19,380.416259765625,382.7146557218979,379.08457486820987,381.5703947042962,54093000
2023-07-20,371.64697265625,378.88735737749994,370.62107814186857,377.41755780401854,71941700
2023-07-21,370.5322570800781,374.764045085242,370.09822599732195,374.0340672987421,60499600
2023-07-24,371.1241760253906,372.4558310299236,369.2598108535682,371.5088676634891,40380100
2023-07-25,373.6395263671875,375.306593566621,371.8146269360622,371.83437477966123,38894400
2023-07-26,372.3965759277344,374.09323460494727,370.08833623375,372.5938737217844,47075700
2023-07-27,371.5088195800781,379.4890251689017,370.21660022647075,377.8712975482637,63940200
2023-07-28,378.2757568359375,379.301621194224,375.0599890617254,375.57292124086865,56902900
2023-07-31,378.4730224609375,379.6567491489458,377.1512113845997,378.581545290658,44019900
2023-08-01,377.5950927734375,378.35463212023797,375.52358625085094,377.12159610720056,41060600
2023-08-02,369.3091735839844,374.11307807319844,368.06626339128684,374.11307807319844,72687100
2023-08-03,368.71722412109375,370.84791390995326,366.7246187084122,366.89232484743275,47666400
2023-08-04,366.990966796875,372.96872271488263,366.48787849275794,370.6506090924236,61702800
2023-08-07,370.0982666015625,370.19691551363337,366.4682154233577,368.8060471326721,37230400
2023-08-08,366.9515686035156,367.6026153215132,363.8147317741457,367.58289757978815,44726500
2023-08-09,362.91705322265625,367.3954487713729,362.1575138215144,367.2376165380018,51150900
2023-08-10,363.5877990722656,369.2794825878132,362.05884642614507,365.9355045057299,72035300
2023-08-11,361.2697448730469,363.00586953435027,359.74079197480165,361.0231376247219,48707200
2023-08-14,365.32391357421875,365.44228021414926,359.75059685242235,360.47067061313925,42130800
2023-08-15,361.4472961425781,365.1464045724237,360.7765016020325,364.3473694564293,45539900
2023-08-16,357.61993408203125,362.4435556446799,357.5212851734857,360.9047290023142,53190500
2023-08-17,353.7136535644531,359.36590186841727,353.29937029391687,359.02064574069016,62604300
2023-08-18,353.269775390625,354.53240313780424,349.8961754158226,350.4387293553932,61191400
2023-08-21,358.9614562988281,359.64209462081556,354.27591921166766,354.73954198021823,50696500
2023-08-22,358.44854736328125,361.5853841180368,357.7580350748359,361.57551019569786,44530200
2023-08-23,364.10076904296875,365.19572081247736,359.4152316107943,359.63224718021087,51770600
2023-08-24,356.3178405761719,367.681490415442,356.1106989407142,367.5828716103614,66842500
2023-08-25,359.0798034667969,360.7764622188786,353.71362834874395,357.1562853553055,69960500
2023-08-28,361.78265380859375,362.7197431518391,359.3067077678201,362.00951317737196,40910000
2023-08-29,369.6838684082031,370.03899838950855,361.2597890907039,361.5852973121039,58492400
2023-08-30,371.74560546875,372.3276250493761,368.78631857240873,369.7924953833555,41731500
2023-08-31,372.8602294921875,374.56676223128557,371.75543400232357,371.8244912462949,35730700
2023-09-01,372.4656982421875,375.6617183609632,370.97618091609087,375.2375611434066,39801200
2023-09-05,372.9391784667969,374.162340659925,370.7295572781328,371.6568028449947,32344200
2023-09-06,369.6543884277344,372.50518264573924,367.6420949715913,372.1599264800972,42998700
2023-09-07,367.01068115234375,367.78996829982134,364.1401698552555,365.18578193006084,52060700
2023-09-08,367.5237121582031,369.7629253066925,366.55703098181715,366.96147049367397,35800100
2023-09-11,371.8541259765625,372.36705819814574,368.58904852968413,370.5619064482051,39936600
2023-09-12,367.7308349609375,371.8343827627657,367.44476215339046,370.1771593461318,41391000
2023-09-13,369.13153076171875,370.7394146004213,366.8331647915041,367.96755194596057,46300700
2023-09-14,372.1500244140625,373.1364533250581,368.81591998177146,370.88739661212503,48039400
2023-09-15,365.7776794433594,371.212912039703,364.84055999453483,370.8084725988113,69811200
2023-09-18,366.1590270996094,367.2753101741804,364.5488155953697,364.83530252573723,36903500
2023-09-19,365.3785095214844,366.17867094193497,362.3457825764731,364.8352004596442,37621700
2023-09-20,360.1133117675781,366.80109118052854,360.03426634445253,366.445477217451,45514200
2023-09-21,353.514404296875,357.2090090649543,353.3464855306416,356.4187055718109,69734800
2023-09-22,353.5638122558594,357.40655932872374,353.24769086125485,355.2629270681144,51589700
2023-09-25,355.2431335449219,355.3320671773088,351.6078281228857,352.59568482324295,39168000
2023-09-26,349.9087219238281,353.19830169854066,348.92086519938505,352.6549624119001,53657700
2023-09-27,350.72869873046875,352.64514339989324,347.0933626701904,351.0645664363372,56066000
2023-09-28,353.6626281738281,355.79640251300594,348.95053186968636,349.80996247567515,56453300
2023-09-29,353.9194641113281,358.5426570982214,352.684643044241,357.14977531690727,64829600
2023-10-02,356.8731384277344,358.27587812756985,353.5737005070703,354.186166867308,51625100
2023-10-03,350.6101379394531,356.62618204882074,348.99003836671244,354.42325059964173,60478500
2023-10-04,355.3815002441406,356.2310426608919,350.9855252219321,351.44981914529575,54786700
2023-10-05,354.3343505859375,355.77661304258527,350.82747107815123,355.3715881454246,45897400
2023-10-06,360.2713928222656,361.46669112836105,350.5409971561232,351.33127055005457,75049100
2023-10-09,362.1087646484375,362.6520737973083,356.3989538900879,357.90048528381817,45304800
2023-10-10,364.1141052246094,366.7714422162155,361.9408385263145,362.44462495413575,46968800
2023-10-11,366.7121887207031,366.8998839174092,363.7189839350687,365.4477332701017,38215100
2023-10-12,365.4378662109375,369.2015982836209,363.0373813734618,367.216026575251,49587900
2023-10-13,360.8442687988281,366.65287060993904,359.4414991187808,366.0700388155578,52469900
2023-10-16,364.92413330078125,365.9811471649027,362.0198323013592,362.1680047713312,44201100
2023-10-17,363.7288818359375,365.42799671921193,359.2440035718881,361.367889639232,50999100
2023-10-18,358.9574890136719,363.44236693227987,357.62387642159524,361.22957754198615,54280500
2023-10-19,355.5988464355469,361.5753685702616,354.79868476519994,360.38007017271866,72274200
2023-10-20,350.29400634765625,355.66794942983694,350.0667884443341,355.0949756378056,72559700
2023-10-23,351.3510437011719,354.89744601956,346.85627714252047,348.97030517940215,60665200
2023-10-24,354.7690124511719,355.5395395385272,351.46957440290674,353.1686892810489,47082100
2023-10-25,346.08575439453125,352.5463464327666,345.50292248888735,352.36853944060357,71190500
2023-10-26,339.4869079589844,345.81907434455786,338.1928178237876,344.8805982249876,78621400
2023-10-27,341.1168212890625,344.60395450634996,339.9017466003093,342.22321605589644,63476700
2023-10-30,344.9595947265625,346.2833191752884,342.24298862021556,343.6062056337421,55298500
2023-10-31,346.60931396484375,346.98470437601566,342.41092252399517,344.98924447351965,47671900
2023-11-01,352.6253662109375,353.18845184029954,347.3502143471726,347.4490060597446,58992700
2023-11-02,359.0267028808594,359.2637788823795,355.92481784164204,357.14978085916056,58162400
2023-11-03,363.2448425292969,364.53893262187813,360.0935766909351,360.32079462476975,53280500
2023-11-06,364.72662353515625,365.28970918171007,362.4545648116219,364.0153653887196,38848700
2023-11-07,368.1742248535156,369.04351347492616,364.5685235781495,365.77371002580435,50777400
2023-11-08,368.41131591796875,369.25100022398175,366.11948091593234,368.5496001929726,35663400
2023-11-09,365.576171875,370.24871522784247,365.08224347680544,369.1028278733884,53859400
2023-11-10,373.795166015625,373.94333851296165,366.7714881718838,367.3049393092941,58309800
2023-11-13,372.62945556640625,373.6864695790459,370.6833764620218,372.2145725921907,40733500
2023-11-14,380.6508483886719,381.5695781265845,378.5269622929975,379.05052519236835,67792600
2023-11-15,380.93731689453125,383.04145660539933,379.574069749631,382.5475282280874,54141400
2023-11-16,381.2633361816406,381.50041216172826,378.90234400761403,380.1667994797423,45343500
2023-11-17,381.3522033691406,382.36969454947945,379.62345416925467,380.5322654377355,46571900
2023-11-20,385.9951477050781,386.65702501087316,381.3620970055019,381.3620970055019,44429600
2023-11-21,383.7527160644531,384.503496847725,382.00422045535475,384.2861671550408,43337000
2023-11-22,385.3234558105469,388.2969146942405,384.315852636428,385.8272724711062,44121000
2023-11-24,384.7801208496094,385.51112525173414,383.7823758111434,384.91840512841776,15718800
2023-11-27,384.4442443847656,386.4001815560311,383.56503736160306,384.28618367901737,34139700
2023-11-28,385.4518737792969,386.03470571384145,383.33784561098355,383.69348975994245,35491100
2023-11-29,385.07647705078125,389.35391410208746,384.7307211231955,387.9215096079459,38811700
2023-11-30,384.1083068847656,385.8074216123825,381.13487872168156,385.3431277581211,52834400
2023-12-01,385.2048645019531,385.79758458288353,381.3818636930955,383.0414558021042,40490100
2023-12-04,381.62884521484375,381.90544391224165,378.01328571864434,381.40162729851806,51186900
2023-12-05,382.5870361328125,383.782334318489,379.54442056400666,379.72225768467314,42933000
2023-12-06,380.374267578125,385.6296732491102,380.02854179863795,385.53088153482884,41994100
2023-12-07,385.6889343261719,386.51873044449405,382.26106992530634,383.35760668140927,49593500
2023-12-08,387.4078369140625,387.8523544115588,383.76264269959916,383.95033791420826,46687500
2023-12-11,390.7171325683594,390.9838732133785,386.7755933626206,386.98303486108085,41198000
2023-12-12,393.828857421875,393.9473954064398,389.6205780878532,390.7566073025929,39221200
2023-12-13,398.8373107910156,399.44977720807543,393.9968183061574,394.7673454352001,55408100
2023-12-14,398.4915771484375,401.36621396569853,395.47859575879977,400.0622658748267,55447800
2023-12-15,400.4178161621094,401.6032562165045,398.66932072151974,399.27189881539215,62896600
2023-12-18,402.93994140625,403.84069023789203,400.48518259292433,400.8118131679451,46610000
2023-12-19,404.99884033203125,405.1176150970901,403.20725047556124,403.39532058930905,35711900
2023-12-20,398.98065185546875,406.2955098486141,398.8024897102253,404.1970751409553,54042400
2023-12-21,403.6229248046875,403.989187239346,400.356498238967,402.92015403830976,45568900
2023-12-22,404.22674560546875,405.8005715457828,402.3460748080174,404.84043531974334,34314000
2023-12-26,406.7013244628906,407.3744015622354,404.98890781785167,405.0878968518052,22722500
2023-12-27,407.5292663574219,407.8164764899842,406.1229552263835,406.98458562407046,31980500
2023-12-28,407.3312072753906,408.9356007040584,406.97469555108876,408.68801304336995,27029200
2023-12-29,405.5683898925781,407.66795867136653,403.6471072014845,407.3114167190804,42662100
